Org ID,Organization Name,Organization Type,HHS Org ID,Submission Period Year,"Year Ending 
Date",Org Quarter,Number Of Months,Quarter Range,Days in Period,Cash and Cash Equivalents,Short Term Investments,Current Assets Whose Use is Limited,Net Patient Accounts Receivable,Receivables Due From Affiliates,Third Party Settlements,Other Current Assets,Total Current Assets,Non Current Assets Whose Use is Limited,Contribution Receivables,Interest in Net Assets,Investment in Affiliates,Gross Property Plant and Equipment,Less Accumulated Depreciation,Net Property Plant and Equipment,Other Non Current Assets,Total Non Current Assets,Total Assets,Current Long Term Debt,Estimated Third Party Settlements,Current Liabilities Due to Affiliates,Other Current Liabilities,Total Current Liabilities,Long Term Debt Net of Current Portion,Non Current Liabilities Due to Affiliates,Other Non Current Liabilities,Total Non Current Liabilities,Total Liabilities,Net Unrestricted Assets,Net Temporarily Restricted Assets,Net Permanently Restricted Assets,Total Net Assets or Equity,Total Liabilities And Net Assets or Equity,Net Patient Service Revenue,Alternative Payment Methods,Other Operating Revenue,  Other Operating Revenue: Federal COVID-19 Relief Funds,     Other Operating Revenue: State & Other COVID-19 Relief Funds,Net Assets Released From Restrictions Used for Operations,Total Operating Revenue,Investment Income,Net Contribution Revenue,Unrealized Gains/Losses,Non Operating Gains Losses,Other Non-Operating Revenue,Total Non Operating Revenue,Total Unrestricted Revenue Gains and Other Support,Salary and Benefit Expense,Outside Medical and Pharmacy Services,Depreciation and Amortization Expense,Interest Expense,Health Safety Net Assessment,Other Operating Expenses,Net Nonrecurring Gains and Losses,Total Expenses Including Nonrecurring Gains Losses,Total Excess of Revenue Gains and Other Support Over Expenses,Transfers from to Parent and Affiliates,Other Changes in Unrestricted Net Assets,Sub Total Increase / Decrease in Unrestricted Net Assets,Changes in Unrestricted Assets Related to Pension Activities,Changes in Accounting Principles,Total Increase or Decrease in Unrestricted Net Assets,Operating Margin,Non-Operating Margin,Total Margin,Average Days in Accounts Receivable,Average Payment Period,Current Ratio,Current Days Cash on Hand,Average Age of Plant,Cash Flow to Total Debt,Debt Service Coverage Ratio,Equity Financing Ratio,Long Term Debt to Total Capitalization
4066,"Baystate Health, Inc.",HHS,4066,2024,Sep 30,5,12,"10/01/2023-09/30/2024
",365,"$168,857,000","$116,058,000",,"$233,096,000",,"$27,204,000","$433,796,000","$979,011,000","$661,923,000",,,"$23,083,000","$2,242,914,000","$1,433,783,000","$809,131,000","$166,111,000","$1,660,248,000","$2,639,259,000","$18,723,000","$34,026,000",,"$550,785,000","$603,534,000","$540,012,000",,"$283,540,000","$823,552,000","$1,427,086,000","$1,054,930,000",,"$157,243,000","$1,212,173,000","$2,639,259,000","$2,248,311,000",,"$252,914,000","$5,262,000",,"$3,997,000","$2,510,484,000","$14,004,000",,"$94,667,000","($213,315,000)","$19,581,000","($85,063,000)","$2,425,421,000","$1,378,998,000",,"$83,879,000","$25,277,000","$60,510,000","$1,013,089,000","$9,702,000","$2,571,455,000","($146,034,000)",,"$4,292,000","($141,742,000)","$357,232,000",,"$215,490,000",-2.5%,-3.5%,-6.0%,38,84,1.6,42,17,-14%,-3.0,40.0%,33.9%
3106,"Berkshire Health Systems, Inc",HHS,3106,2024,Sep 30,5,12,"10/01/2023-09/30/2024
",365,"$211,080,378",,,"$76,611,078",,,"$33,631,204","$321,322,660","$475,181,321",,,,"$570,408,088","$374,932,340","$195,475,748","$19,584,684","$690,241,753","$1,011,564,413","$4,440,000","$59,053,844",,"$102,550,746","$166,044,590","$40,378,000",,"$54,144,846","$94,522,846","$260,567,436","$697,644,603","$45,210,930","$8,141,444","$750,996,977","$1,011,564,413","$723,270,271","$6,397,561","$153,111,955",,,"$137,767","$882,917,554","$25,136,918",,"$53,874,586",,,"$79,011,504","$961,929,058","$478,420,541",,"$22,931,470","$432,111","$13,057,020","$330,799,192",,"$845,640,334","$116,288,724",,"$706,333","$116,995,057",,,"$116,995,057",3.9%,8.2%,12.1%,39,47,1.9,94,16,41%,17.6,69.0%,5.5%
16665,Beth Israel Lahey Health,HHS,16665,2024,Sep 30,5,12,"10/01/2023-09/30/2024
",365,"$328,294,000","$2,225,877,000",,"$924,776,000",,,"$450,797,000","$3,929,744,000","$1,108,759,000","$101,083,000",,,"$8,054,874,000","$5,187,298,000","$2,867,576,000","$1,012,646,000","$5,090,064,000","$9,019,808,000","$40,718,000","$170,424,000",,"$1,479,376,000","$1,690,518,000","$1,983,731,000",,"$1,101,435,000","$3,085,166,000","$4,775,684,000","$3,272,270,000","$647,830,000","$324,024,000","$4,244,124,000","$9,019,808,000","$7,101,399,000",,"$1,805,785,000",,,,"$8,907,184,000","$68,117,000",,"$292,023,000","($39,152,000)","$4,605,000","$325,593,000","$9,232,777,000","$5,217,582,000",,"$310,236,000","$73,868,000","$96,604,000","$3,457,845,000",,"$9,156,135,000","$76,642,000",,"$12,834,000","$89,476,000","$32,573,000",,"$122,049,000",-2.7%,3.5%,0.8%,48,63,2.3,105,17,3%,1.5,36.3%,37.7%
14286,Boston Children's Hospital and Subsidiaries,HHS,14286,2024,Sep 30,5,12,"10/01/2023-09/30/2024
",365,"$224,010,000",,,"$551,649,000",,,"$312,748,000","$1,088,407,000","$3,629,569,000","$64,314,000",,,"$5,875,628,000","$2,714,123,000","$3,161,505,000","$4,459,774,000","$11,315,162,000","$12,403,569,000","$418,000","$30,010,000",,"$738,467,000","$768,895,000","$2,050,162,000",,"$1,081,009,000","$3,131,171,000","$3,900,066,000","$7,628,980,000","$527,586,000","$346,937,000","$8,503,503,000","$12,403,569,000","$3,167,295,000",,"$706,141,000",,,"$86,906,000","$3,960,342,000","$290,114,000","$25,184,000","$371,854,000","($62,242,000)","$240,561,000","$865,471,000","$4,825,813,000","$2,352,321,000",,"$193,913,000","$38,318,000","$43,281,000","$1,462,166,000",,"$4,089,999,000","$735,814,000",,"$50,200,000","$786,014,000","$32,441,000",,"$818,455,000",-2.7%,17.9%,15.2%,64,70,1.4,21,14,20%,15.4,61.5%,21.2%
14287,"Boston Medical Center Health System, Inc.",HHS,14287,2024,Sep 30,5,12,"10/01/2023-09/30/2024
",365,"$651,090,094",,"$53,959,000","$189,651,919",,"$2,432,210","$754,665,920","$1,651,799,143","$972,709,167","$6,309,002",,,"$2,462,700,904","$1,407,337,618","$1,055,363,286","$1,106,621,023","$3,141,002,478","$4,792,801,621","$8,561,363",,,"$1,437,141,782","$1,445,703,145","$897,285,980",,"$234,197,497","$1,131,483,477","$2,577,186,622","$1,811,253,578","$360,072,836","$44,288,585","$2,215,614,999","$4,792,801,621","$1,423,214,699",,"$5,810,269,564",,,"$36,598,249","$7,270,082,512","$99,512,729",,"$120,865,652","($54,534)",,"$220,323,847","$7,490,406,359","$1,652,721,396",,"$116,296,434","$23,045,096","$43,501,711","$5,517,126,778",,"$7,352,691,415","$137,714,944",,"$4,332,330","$142,047,274","$3,520,630",,"$145,567,904",-1.1%,2.9%,1.8%,49,73,1.1,33,12,6%,4.9,37.8%,33.1%
13159,Cambridge Health Alliance,HHS,13159,2024,Jun 30,5,12,"07/01/2023-06/30/2024
",365,"$306,521,702",,,"$36,886,507",,"$14,974,111","$30,182,022","$388,564,342","$6,410,442",,,,"$835,166,829","$604,551,770","$230,615,059","$95,548,488","$332,573,989","$721,138,331","$12,731,231","$6,039,013",,"$141,959,867","$160,730,111","$56,023,126",,"$224,363,536","$280,386,662","$441,116,773","$272,130,428",,"$7,891,130","$280,021,558","$721,138,331","$430,553,227","$93,559,200","$464,154,987",,,,"$988,267,414","$8,661,408","$35,755,015",,"$8,457,236",,"$52,873,659","$1,041,141,073","$616,520,204","$6,622,520","$41,151,630","$2,205,239","$1,395,663","$366,837,071",,"$1,034,732,327","$6,408,746",,,"$6,408,746",,,"$6,408,746",-4.5%,5.1%,0.6%,31,57,2.4,113,15,22%,3.3,37.7%,17.1%
3109,"Cape Cod Healthcare, Inc.",HHS,3109,2024,Sep 30,5,12,"10/01/2023-09/30/2024
",365,"$46,795,776","$78,643,220","$6,484,001","$105,526,798",,,"$52,075,272","$289,525,067","$73,130,496","$11,359,772",,,"$1,040,396,373","$582,049,415","$458,346,958","$531,898,153","$1,074,735,379","$1,364,260,446","$9,710,786","$16,873,353",,"$198,196,219","$224,780,358","$73,987,453",,"$68,437,739","$142,425,192","$367,205,550","$902,542,455","$94,512,441",,"$997,054,896","$1,364,260,446","$1,054,662,005",,"$73,436,534",,,"$2,065,950","$1,130,164,489","$10,004,137","$8,889,927","($1,676)","$80,209,037",,"$99,101,425","$1,229,265,914","$693,647,488",,"$37,437,591","$786,656","$16,437,472","$396,253,500",,"$1,144,562,707","$84,703,207",,"$9,283,258","$93,986,465",,,"$93,986,465",-1.2%,8.1%,6.9%,37,69,1.3,41,16,41%,11.7,66.2%,7.6%
13155,"Dana-Farber Cancer Institute, Inc. and Subsidiaries",HHS,13155,2024,Sep 30,5,12,"10/01/2023-09/30/2024
",365,"$81,120,934",,"$800,408","$299,973,546",,,"$380,099,106","$761,993,994",,"$51,901,623",,,"$2,281,047,728","$1,295,184,618","$985,863,110","$3,545,352,532","$4,583,117,266","$5,345,111,259","$99,853,899","$69,901,190",,"$457,884,271","$627,639,359","$447,218,813",,"$359,171,696","$806,390,509","$1,434,029,868","$2,005,198,801","$1,583,873,609","$322,008,980","$3,911,081,391","$5,345,111,259","$2,609,273,328",,"$351,963,925",,,"$180,616,488","$3,141,853,741","$1,680,326","$311,874,510","$155,034,521","$13,126,382",,"$481,715,739","$3,623,569,481","$1,082,475,983",,"$90,093,808","$21,155,047","$15,291,995","$2,157,680,086",,"$3,366,696,920","$256,872,560",,"$12,236,546","$269,109,106","$880,339",,"$269,989,445",-6.2%,13.3%,7.1%,42,63,1.2,9,14,18%,1.8,37.5%,18.2%
12776,"Emerson Health System, Inc. and Subsidiaries",HHS,12776,2024,Sep 30,5,12,"10/01/2023-09/30/2024
",365,"$21,967,554",,,"$42,942,582",,"$1,150,101","$50,847,553","$116,907,790","$9,294,240",,,,"$350,372,331","$237,601,342","$112,770,989","$62,037,862","$184,103,091","$301,010,881","$51,752,619",,,"$60,708,889","$112,461,508","$54,829,113",,"$20,736,294","$75,565,407","$188,026,915","$95,588,362","$17,395,604",,"$112,983,966","$301,010,881","$347,376,478",,"$33,051,153","$2,217,427",,"$2,803,831","$385,448,889","$1,429,480",,"($658,953)","($1,958,751)",,"($1,188,224)","$384,260,665","$203,551,187",,"$11,441,168","$2,378,928","$4,909,824","$145,874,522",,"$368,155,629","$16,105,036",,,"$16,105,036","($154,148)",,"$15,950,888",4.5%,-0.3%,4.2%,45,116,1.0,22,21,17%,0.6,31.8%,36.5%
12807,"Heywood Healthcare System, Inc.",HHS,12807,2024,Sep 30,5,12,"10/01/2023-09/30/2024
",365,"$11,414,003",,,"$26,348,263",,,"$51,283,476","$89,045,742","$7,979,568",,,,"$192,690,422","$110,798,212","$81,892,210","$16,357,836","$106,229,614","$195,275,356","$2,507,026","$1,747,834",,"$83,858,582","$88,113,442","$68,875,238",,"$40,436,596","$109,311,834","$197,425,276","($9,594,001)","$5,049,454","$2,394,627","($2,149,920)","$195,275,356","$204,343,822",,"$39,937,748",,,,"$244,281,570","$81,955",,,,,"$81,955","$244,363,525","$117,026,020",,"$5,740,127","$1,597,492","$3,427,210","$126,788,070",,"$254,578,919","($10,215,394)","($804,540)",,"($11,019,934)",,,"($11,019,934)",-4.2%,0.0%,-4.2%,47,128,1.0,17,19,-3%,-0.7,-4.9%,116.2%
13156,Lawrence General Hospital and Affiliates,HHS,13156,2024,Sep 30,5,12,"10/01/2023-09/30/2024
",365,"$50,632,000","$24,816,000","$209,000","$41,799,000",,,"$34,431,000","$151,887,000","$19,722,000",,,,"$314,935,000","$200,625,000","$114,310,000","$45,303,000","$179,335,000","$331,222,000","$2,290,000","$3,594,000",,"$126,041,000","$131,925,000","$96,223,000",,"$78,271,000","$174,494,000","$306,419,000","$19,966,000","$3,737,000","$1,100,000","$24,803,000","$331,222,000","$314,421,000",,"$25,167,000",,,"$227,000","$339,815,000","$1,240,000",,"$3,380,000",,"$532,000","$5,152,000","$344,967,000","$159,520,000",,"$12,941,000","$5,045,000","$8,190,804","$170,028,196",,"$355,725,000","($10,758,000)","$1,104,000","($1,097,000)","($10,751,000)",,,"($10,751,000)",-4.6%,1.5%,-3.1%,49,139,1.2,80,16,-1%,0.5,6.0%,82.8%
3791,Mass General Brigham,HHS,3791,2024,Sep 30,5,12,"10/01/2023-09/30/2024
",365,"$105,924,000","$4,479,974,000","$3,651,727,000","$1,731,496,000",,"$153,064,000","$1,300,722,000","$11,422,907,000","$6,443,033,000","$440,601,000",,,"$15,215,573,000","$7,743,833,000","$7,471,740,000","$5,979,136,000","$20,334,510,000","$31,757,417,000","$353,249,000","$115,461,000",,"$3,424,607,000","$3,893,317,000","$5,837,579,000",,"$2,666,806,000","$8,504,385,000","$12,397,702,000","$15,413,590,000","$3,946,125,000",,"$19,359,715,000","$31,757,417,000","$13,439,956,000",,"$7,090,623,000",,"$19,699,000",,"$20,550,278,000","$327,105,000","($57,646,000)","$1,622,965,000",,"$109,517,000","$2,001,941,000","$22,552,219,000","$10,264,778,000",,"$778,337,000","$175,279,000","$56,592,000","$9,229,554,000",,"$20,504,540,000","$2,047,679,000",,"$449,195,000","$2,496,874,000","($445,729,000)",,"$2,051,145,000",0.2%,8.9%,9.1%,47,71,2.9,85,10,12%,2.6,48.5%,27.5%
13157,"Milford Regional Medical Center, Inc. and Affiliates",HHS,13157,2024,Sep 30,5,12,"10/01/2023-09/30/2024
",365,"$10,366,456","$14,062,446","$2,386,114","$34,572,122",,,"$12,740,886","$74,128,024","$34,751,360","$6,677,225",,,"$297,881,375","$155,291,781","$142,589,594","$45,016,720","$229,034,899","$303,162,923","$8,430,450","$8,685,312",,"$42,784,203","$59,899,965","$108,209,363",,"$54,812,509","$163,021,872","$222,921,837","$74,912,735",,"$5,328,351","$80,241,086","$303,162,923","$379,187,512",,"$15,470,737",,"$855,278",,"$395,513,527","$2,432,032","$768,253","$3,563,648","($62,447)",,"$6,701,486","$402,215,013","$252,768,693",,"$12,206,881","$5,155,339","$5,532,372","$136,722,086","$4,279,737","$416,665,108","($14,450,095)",,"$966,616","($13,483,479)",,,"($13,483,479)",-5.3%,1.7%,-3.6%,33,47,1.2,22,13,-3%,0.0,24.7%,59.1%
13158,Shriners Hospitals for Children,HHS,13158,2024,Dec 31,5,12,"01/01/2024-12/31/2024
",365,"$68,775,000",,"$875,291,000","$30,924,000",,,"$10,767,589,000","$11,742,579,000",,,,,"$800,342,000",,"$800,342,000",,"$800,342,000","$12,542,921,000",,,,"$1,169,122,000","$1,169,122,000",,,,-,"$1,169,122,000","$9,883,811,000","$1,489,988,000",,"$11,373,799,000","$12,542,921,000","$169,693,000",,"$711,550,000",,,,"$881,243,000","$1,053,124,000",,,"($38,821,000)",,"$1,014,303,000","$1,895,546,000",,,,,,"$1,185,930,000",,"$1,185,930,000","$709,616,000",,,"$709,616,000",,,"$709,616,000",-16.1%,53.5%,37.4%,67,360,10.0,21,-,61%,,78.8%,0.0%
9991,Signature Healthcare Corporations,HHS,9991,2024,Sep 30,5,12,"10/01/2023-09/30/2024
",365,"$55,221,528",,,"$23,433,247",,"$10,414,329","$40,272,371","$129,341,475","$110,993,557",,,,"$383,308,186","$182,642,285","$200,665,901","$52,841,566","$364,501,024","$493,842,499","$8,792,717","$27,314,137",,"$94,256,089","$130,362,943","$100,519,944",,"$23,481,863","$124,001,807","$254,364,750","$225,205,675",,"$14,272,074","$239,477,749","$493,842,499","$194,276,400","$39,969,993","$74,231,623","$2,370,821",,"$972,473","$311,821,310","$2,971,889","($889,913)",,"$51,537,936","$92,672,067","$146,291,979","$458,113,289","$228,633,332",,"$13,406,353","$3,651,354","$11,000,988","$134,009,104",,"$390,701,131","$67,412,158",,"$16,468,503","$83,880,661","$2,964,064",,"$86,844,725",-17.2%,31.9%,14.7%,44,101,1.0,53,14,35%,6.8,45.6%,30.9%
12759,South Shore Health and Educational Corporation and Subsidiaries,HHS,12759,2024,Sep 30,5,12,"10/01/2023-09/30/2024
",365,"$24,549,535","$20,351,356","$16,162,692","$115,629,362",,"$6,276,558","$41,522,901","$224,492,404","$256,971,472","$1,205,978",,,"$732,399,920","$443,512,753","$288,887,167","$87,394,883","$634,459,500","$858,951,904","$20,603,018","$3,072,810",,"$116,606,185","$140,282,013","$244,620,578",,"$41,271,706","$285,892,284","$426,174,297","$409,442,186",,"$23,335,421","$432,777,607","$858,951,904","$906,096,056",,"$60,034,730",,"$8,694,986","$3,113,012","$977,938,784","$3,850,350","$1,162,978","$30,864,468","$14,658,846","($3,003,833)","$47,532,809","$1,025,471,593","$644,313,528",,"$33,474,051","$10,616,117","$2,231,117","$323,640,210",,"$1,014,275,023","$11,196,570",,"$3,125,278","$14,321,848",,,"$14,321,848",-3.5%,4.6%,1.1%,47,52,1.6,17,13,4%,0.8,47.7%,37.4%
4027,"Southcoast Health Systems, Inc.",HHS,4027,2024,Sep 30,5,12,"10/01/2023-09/30/2024
",365,"$74,015,388","$5,536,789","$9,567,770","$133,711,744",,"$13,209,373","$60,694,973","$296,736,039","$157,008,244","$771,452",,,"$1,073,481,591","$727,979,378","$345,502,214","$799,001,276","$1,302,283,186","$1,599,019,224","$11,618,336","$6,176,214",,"$211,489,644","$229,284,194","$212,636,528",,"$151,941,838","$364,578,366","$593,862,561","$905,312,154","$31,850,876","$67,993,634","$1,005,156,664","$1,599,019,224","$1,266,965,075",,"$173,868,532","$24,825,856",,"$4,075,003","$1,469,734,466","$13,766,219","$1,479,841","$92,779,121","$8,966,715",,"$116,991,896","$1,586,726,362","$893,698,985",,"$59,436,376","$6,999,290","$27,137,819","$470,533,631",,"$1,457,806,101","$128,920,260",,"$307,260","$129,227,521",,,"$129,227,521",0.8%,7.4%,8.1%,39,59,1.3,21,12,22%,5.5,56.6%,19.0%
11273,"Steward Health Care Systems, LLC",HHS,11273,2024,Dec 31,3,9,"01/01/2024-09/30/2024
",273.75,,,,,,,,,,,,,,,,,,,,,,,,,,,,,,,,,,,,,,,,,,,,,,,,,,,,,,,,,,,,,,,,,,,,,,,,,,
12773,"Sturdy Memorial Foundation, Inc. and Affiliates",HHS,12773,2024,Sep 30,5,12,"10/01/2023-09/30/2024
",365,"$30,054,842",,,"$35,126,193",,,"$15,841,586","$81,022,621","$43,214,970",,,,"$301,142,529","$170,984,950","$130,157,579","$494,487,297","$667,859,846","$748,882,467",,"$24,310",,"$44,903,539","$44,927,849","$48,898,750",,"$18,598,127","$67,496,877","$112,424,726","$629,462,522","$6,995,219",,"$636,457,741","$748,882,467","$304,239,154",,"$17,033,062",,,,"$321,272,216","$26,089,162","$331,687",,"$44,664,755","$276,764","$71,362,368","$392,634,584","$212,362,106",,"$13,415,347",,"$3,119,076","$112,045,132",,"$340,941,661","$51,692,923",,"$3,013,040","$54,705,963","$14,387,300",,"$69,093,263",-5.0%,18.2%,13.2%,42,50,1.8,33,13,69%,,84.1%,7.2%
3888,Tenet Healthcare Corporation,HHS,3888,2024,Dec 31,5,12,"01/01/2024-12/31/2024
",365,"$3,019,000,000",,,"$2,536,000,000",,,"$2,127,000,000","$7,682,000,000",,,,"$3,037,000,000","$11,858,000,000","$5,809,000,000","$6,049,000,000","$12,168,000,000","$21,254,000,000","$28,936,000,000","$92,000,000",,,"$4,218,000,000","$4,310,000,000","$13,081,000,000",,"$2,998,000,000","$16,079,000,000","$20,389,000,000","$8,547,000,000",,,"$8,547,000,000","$28,936,000,000","$20,665,000,000",,"$260,000,000","$10,000,000",,,"$20,935,000,000",,,"($864,000,000)","$118,000,000",,"($746,000,000)","$20,189,000,000","$8,801,000,000",,"$818,000,000","$826,000,000",,"$6,544,000,000",,"$16,989,000,000","$3,200,000,000",,,"$3,200,000,000",,,"$3,200,000,000",19.5%,-3.7%,15.9%,45,103,1.8,68,7,28%,6.2,29.5%,60.5%
14288,Trinity Health,HHS,14288,2024,Jun 30,5,12,"07/01/2023-06/30/2024
",365,"$404,959,024","$5,822,925,312","$453,062,119","$2,802,457,970",,"$523,353,884","$1,364,941,589","$11,371,699,898","$10,224,384,462","$16,856,457",,"$804,881,338","$20,311,155,668","$11,531,482,636","$8,779,673,032","$2,045,881,641","$21,871,676,930","$33,243,376,828","$1,163,036,389","$303,742,571",,"$3,879,377,421","$5,346,156,381","$6,405,170,191",,"$2,596,527,053","$9,001,697,244","$14,347,853,625","$18,231,161,515","$409,372,896","$254,988,792","$18,895,523,203","$33,243,376,828","$20,568,259,645","$85,703,269","$3,156,254,800","$9,518,952","$188,695","$36,710,287","$23,856,635,648","$344,670,972",,"$635,310,829","($436,079,790)",,"$543,902,011","$24,400,537,659","$12,915,767,553","$996,355,580","$886,524,015","$279,031,217","$9,521,514","$8,703,401,313","$134,427,153","$23,925,028,345","$475,509,314",,"$65,924,775","$541,434,089","$19,738,976",,"$561,173,065",-0.3%,2.2%,1.9%,50,81,2.1,99,13,6%,0.7,54.8%,26.0%
12775,Tufts Medicine,HHS,12775,2024,Sep 30,5,12,"10/01/2023-09/30/2024
",365,"$102,432,000","$52,807,000","$19,287,000","$280,043,000",,"$21,551,000","$191,955,000","$668,075,000","$168,074,000",,,"$41,496,000","$2,155,168,000","$1,408,490,000","$746,678,000","$430,397,000","$1,386,645,000","$2,054,720,000","$42,196,000","$10,414,000",,"$584,213,000","$636,823,000","$922,132,000",,"$259,001,000","$1,181,133,000","$1,817,956,000","$187,166,000","$19,936,000","$29,662,000","$236,764,000","$2,054,720,000","$2,182,286,000",,"$538,023,000",,,"$5,184,000","$2,725,493,000","$48,601,000","($5,238,000)","($7,362,000)","($4,450,000)","$5,145,000","$36,696,000","$2,762,189,000","$1,569,491,000",,"$83,683,000","$42,750,000","$86,151,000","$1,194,138,000",,"$2,976,213,000","($214,024,000)",,"$686,000","($213,338,000)","$3,226,000",,"($210,112,000)",-9.1%,1.3%,-7.7%,47,80,1.0,20,17,-8%,-0.9,9.1%,83.1%
6755,UMass  Memorial Health Care. Inc.,HHS,6755,2024,Sep 30,5,12,"10/01/2023-09/30/2024
",365,"$525,979,000","$376,258,000","$7,779,000","$388,404,000",,"$77,225,000","$160,364,000","$1,536,009,000","$285,816,000",,,,"$2,328,229,000","$1,330,462,000","$997,767,000","$1,130,370,000","$2,413,953,000","$3,949,962,000","$77,071,000","$20,874,000",,"$873,482,000","$971,427,000","$677,466,000",,"$567,131,000","$1,244,597,000","$2,216,024,000","$1,609,213,000","$61,116,000","$63,608,000","$1,733,937,000","$3,949,961,000","$4,088,739,000",,"$148,315,000",,,"$5,230,000","$4,242,284,000","$52,991,000","$77,247,000",,"$158,842,000",,"$289,080,000","$4,531,364,000","$2,174,131,000",,"$148,981,000","$35,970,000","$72,031,000","$1,916,722,000",,"$4,347,835,000","$183,529,000",,"$267,000","$183,796,000","($118,830,000)",,"$64,966,000",-2.3%,6.4%,4.1%,35,83,1.6,78,9,20%,3.3,40.7%,29.6%
12767,"Valley Health System, Inc.",HHS,12767,2024,Sep 30,5,12,"10/01/2023-09/30/2024
",365,"$21,544,088","$5,568,889",,"$30,670,013",,,"$9,699,049","$67,482,039","$3,936,324","$24,000",,,"$191,810,746","$131,446,122","$60,364,624","$20,009,948","$84,334,896","$151,816,935","$2,174,686","$9,434,746",,"$60,244,617","$71,854,049","$19,251,761",,"$8,877,844","$28,129,605","$99,983,654","$44,309,345","$3,749,164","$3,774,772","$51,833,281","$151,816,935","$252,796,116","$1,933,810","$39,263,510",,"$6,105,068","$36,732","$300,135,236","$615,181","$114,097","$985,545","$32,306","($2,907,150)","($1,160,021)","$298,975,215","$194,594,731",,"$6,510,463","$858,613","$3,866,801","$93,006,215",,"$298,836,823","$138,392",,"$76,746","$215,138","($2,774,233)",,"($2,559,095)",0.4%,-0.4%,0.0%,44,78,0.9,34,20,6%,2.2,29.2%,30.3%
1,Anna Jaques Hospital,Acute Hospital,16665,2024,Sep 30,5,12,"10/01/2023-09/30/2024
",365,"$1,123,000","$17,627,000",,"$15,213,000",,,"$6,896,000","$40,859,000","$15,357,000",,,,"$67,362,000","$30,669,000","$36,693,000","$14,989,000","$67,039,000","$107,898,000","$650,000",,,"$63,683,000","$64,333,000","$15,116,000",,"$26,635,000","$41,751,000","$106,084,000","($14,859,000)","$10,750,000","$5,923,000","$1,814,000","$107,898,000","$137,071,000",,"$7,656,000",,,,"$144,727,000","$11,000",,"($193,000)","($665,000)",,"($847,000)","$143,880,000","$79,848,000",,"$5,821,000","$478,000","$2,973,000","$85,452,000",,"$174,572,000","($30,692,000)",,"$8,000","($30,684,000)","($2,202,000)",,"($32,886,000)",-20.7%,-0.6%,-21.3%,41,140,0.6,41,5,-31%,-21.5,-13.8%,5881.7%
2,Athol Memorial Hospital,Acute Hospital,12807,2024,Sep 30,5,12,"10/01/2023-09/30/2024
",365,"$2,650,990",,,"$4,947,755","$4,996,780",,"$155,368","$12,750,893","$1,819,958",,,,"$19,611,055","$15,039,758","$4,571,297","$11,444,300","$17,835,555","$30,586,448","$136,369","$719,939",,"$21,967,091","$22,823,399","$220,131",,"$4,312,976","$4,533,107","$27,356,506","$1,368,591",,"$1,861,351","$3,229,942","$30,586,448","$43,018,396",,"$2,507,066",,,,"$45,525,462",,,,,,-,"$45,525,462","$15,156,909",,"$718,937","$9,753","$232,623","$25,201,099",,"$41,319,321","$4,206,141","($7,860,288)",,"($3,654,147)",,,"($3,654,147)",9.2%,0.0%,9.2%,42,199,0.6,24,21,21%,33.8,4.5%,13.9%
5,Baystate Franklin Medical Center,Acute Hospital,4066,2024,Sep 30,5,12,"10/01/2023-09/30/2024
",365,"$4,674,000","$456,000",,"$13,378,000","$91,000","$1,390,000","$4,038,000","$24,027,000","$6,509,000",,"$13,292,000","$391,000","$169,594,000","$124,149,000","$45,445,000","$9,000","$65,646,000","$89,673,000","$620,000","$1,887,000","$2,709,000","$10,607,000","$15,823,000","$16,680,000",,"$235,000","$16,915,000","$32,738,000","$37,684,000",,"$19,251,000","$56,935,000","$89,673,000","$125,478,000",,"$18,506,000",,,"$273,000","$144,257,000","$17,000",,"$124,000","($22,884,000)",,"($22,743,000)","$121,514,000","$53,371,000",,"$4,641,000","$572,000","$3,282,000","$74,793,000",,"$136,659,000","($15,145,000)",,"$252,000","($14,893,000)","$25,003,000",,"$10,110,000",6.3%,-18.7%,-12.5%,39,39,1.5,14,27,-33%,-8.4,42.0%,30.7%
4,Baystate Medical Center,Acute Hospital,4066,2024,Sep 30,5,12,"10/01/2023-09/30/2024
",365,"$106,209,000","$89,305,000",,"$192,992,000","$73,054,000","$25,025,000","$64,889,000","$551,474,000","$363,258,000",,"$15,635,000","$21,479,000","$1,802,347,000","$1,122,768,000","$679,579,000","$37,248,000","$1,117,199,000","$1,668,673,000","$16,394,000","$26,702,000","$338,000","$162,248,000","$205,682,000","$474,579,000",,"$48,151,000","$522,730,000","$728,412,000","$921,747,000",,"$18,514,000","$940,261,000","$1,668,673,000","$1,697,854,000",,"$151,102,000","$5,262,000",,"$1,838,000","$1,856,056,000","$13,192,000",,"$54,616,000","($59,872,000)",,"$7,936,000","$1,863,992,000","$729,105,000",,"$69,446,000","$19,225,000","$53,197,000","$949,260,000","$4,860,000","$1,825,093,000","$38,899,000","($75,000,000)","$3,924,000","($32,177,000)","$210,242,000",,"$178,065,000",1.7%,0.4%,2.1%,41,38,2.7,41,16,8%,2.0,55.2%,34.0%
106,Baystate Noble Hospital,Acute Hospital,4066,2024,Sep 30,5,12,"10/01/2023-09/30/2024
",365,"$3,254,000","$10,000",,"$10,469,000","$23,000","$297,000","$1,694,000","$15,747,000","$1,667,000",,"$1,241,000",,"$101,770,000","$78,076,000","$23,694,000","$1,857,000","$28,459,000","$44,206,000","$9,000","$4,036,000","$2,867,000","$7,309,000","$14,221,000",,,"$3,942,000","$3,942,000","$18,163,000","$23,418,000",,"$2,625,000","$26,043,000","$44,206,000","$80,702,000",,"$3,930,000",,,"$128,000","$84,760,000","$10,000",,"$65,000","$4,000",,"$79,000","$84,839,000","$37,360,000",,"$3,797,000","$87,000","$1,850,000","$41,139,000","$63,000","$84,296,000","$543,000",,"$181,000","$724,000",,,"$724,000",0.5%,0.1%,0.6%,47,46,1.1,15,21,30%,45.4,53.0%,0.0%
14495,Baystate Wing Hospital,Acute Hospital,4066,2024,Sep 30,5,12,"10/01/2023-09/30/2024
",365,"$8,007,000","$6,241,000",,"$10,577,000","$37,000","$492,000","$2,358,000","$27,712,000","$2,568,000",,"$3,822,000",,"$123,318,000","$71,143,000","$52,175,000","$138,000","$58,703,000","$86,415,000","$1,081,000","$1,298,000","$29,021,000","$13,456,000","$44,856,000","$20,704,000",,"$850,000","$21,554,000","$66,410,000","$14,535,000",,"$5,470,000","$20,005,000","$86,415,000","$100,734,000",,"$3,045,000",,,"$48,000","$103,827,000","$120,000",,"$634,000","($6,792,000)",,"($6,038,000)","$97,789,000","$49,034,000",,"$4,219,000","$1,029,000","$2,181,000","$49,833,000","$19,000","$106,315,000","($8,526,000)",,"$12,000","($8,514,000)","$7,232,000",,"($1,282,000)",-2.5%,-6.2%,-8.7%,38,157,0.6,51,17,-8%,-1.9,16.8%,58.8%
6309,Berkshire Medical Center,Acute Hospital,3106,2024,Sep 30,5,12,"10/01/2023-09/30/2024
",365,"$139,586,390",,,"$52,671,789","$12,567,974",,"$26,587,929","$231,414,082","$410,436,941",,,,"$500,657,770","$334,542,792","$166,114,978","$23,910,409","$600,462,328","$831,876,410","$4,226,880","$47,753,841",,"$73,133,818","$125,114,539","$38,439,880",,"$17,503,652","$55,943,532","$181,058,071","$604,796,307","$38,138,830","$7,883,202","$650,818,339","$831,876,410","$560,879,349","$2,623,686","$147,812,803",,,"$103,653","$711,419,491","$22,375,526",,"$46,641,793",,,"$69,017,319","$780,436,810","$304,375,809",,"$19,233,274","$412,345","$12,309,252","$300,442,336",,"$636,773,016","$143,663,794","($36,054,962)","$75,900","$107,684,732",,,"$107,684,732",9.6%,8.8%,18.4%,34,46,1.8,83,17,71%,25.1,72.7%,6.0%
98,Beth Israel Deaconess Hospital - Milton,Acute Hospital,16665,2024,Sep 30,5,12,"10/01/2023-09/30/2024
",365,"$10,850,000","$39,549,000",,"$19,810,000",,,"$4,461,000","$74,670,000","$11,729,000",,,,"$176,533,000","$83,944,000","$92,589,000","$8,402,000","$112,720,000","$187,390,000","$1,926,000",,,"$57,361,000","$59,287,000","$12,351,000",,"$6,355,000","$18,706,000","$77,993,000","$97,668,000","$8,787,000","$2,942,000","$109,397,000","$187,390,000","$157,182,000",,"$7,578,000",,,,"$164,760,000","$237,000",,"$6,519,000","($501,000)",,"$6,255,000","$171,015,000","$80,416,000",,"$8,193,000","$589,000","$3,440,000","$79,684,000",,"$172,322,000","($1,307,000)","($3,880,000)",,"($5,187,000)","$1,618,000",,"($3,569,000)",-4.4%,3.7%,-0.8%,46,132,1.3,112,10,1%,0.4,52.1%,11.2%
53,Beth Israel Deaconess Hospital - Needham,Acute Hospital,16665,2024,Sep 30,5,12,"10/01/2023-09/30/2024
",365,"($72,000)","$9,641,000",,"$21,679,000",,,"$11,497,000","$42,745,000","$34,848,000",,,,"$204,099,000","$102,285,000","$101,814,000","$6,219,000","$142,881,000","$185,626,000","$2,541,000",,,"$14,557,000","$17,098,000","$45,794,000",,"$21,123,000","$66,917,000","$84,015,000","$67,391,000","$27,345,000","$6,875,000","$101,611,000","$185,626,000","$149,538,000",,"$7,915,000",,,,"$157,453,000","($233,000)",,"$1,298,000","$86,000",,"$1,151,000","$158,604,000","$79,196,000",,"$8,926,000","$1,907,000","$2,218,000","$67,999,000",,"$160,246,000","($1,642,000)",,"$2,362,000","$720,000",,,"$720,000",-1.8%,0.7%,-1.0%,53,42,2.5,23,11,10%,1.8,36.3%,40.5%
79,Beth Israel Deaconess Hospital - Plymouth,Acute Hospital,16665,2024,Sep 30,5,12,"10/01/2023-09/30/2024
",365,"$15,000","$23,931,000",,"$38,651,000",,,"$8,368,000","$70,965,000","$18,754,000",,,,"$223,567,000","$98,376,000","$125,191,000","$12,080,000","$156,025,000","$226,990,000","$1,778,000",,,"$92,490,000","$94,268,000","$33,996,000",,"$14,737,000","$48,733,000","$143,001,000","$65,175,000","$7,375,000","$11,439,000","$83,989,000","$226,990,000","$370,451,000",,"$15,560,000",,,,"$386,011,000","$218,000",,"$4,072,000","$111,000",,"$4,401,000","$390,412,000","$179,521,000",,"$9,309,000","$1,646,000","$6,827,000","$196,638,000",,"$393,941,000","($3,529,000)","($15,671,000)",,"($19,200,000)","$1,552,000",,"($17,648,000)",-2.0%,1.1%,-0.9%,38,90,0.8,23,11,1%,1.0,28.7%,34.3%
8702,Beth Israel Deaconess Medical Center,Acute Hospital,16665,2024,Sep 30,5,12,"10/01/2023-09/30/2024
",365,"($6,926,000)","$696,490,000",,"$333,989,000",,,"$749,704,000","$1,773,257,000","$529,449,000",,,,"$3,643,470,000","$2,377,154,000","$1,266,316,000","$240,462,000","$2,036,227,000","$3,809,484,000","$5,034,000",,,"$526,423,000","$531,457,000","$1,355,823,000",,"$315,869,000","$1,671,692,000","$2,203,149,000","$1,220,260,000","$286,070,000","$100,005,000","$1,606,335,000","$3,809,484,000","$2,113,646,000",,"$984,914,000",,,,"$3,098,560,000","$2,112,000",,"$114,602,000","($18,066,000)",,"$98,648,000","$3,197,208,000","$1,070,416,000",,"$101,414,000","$49,662,000","$32,012,000","$1,846,941,000",,"$3,100,445,000","$96,763,000","($50,464,000)","$533,000","$46,832,000","$23,353,000",,"$70,185,000",-0.1%,3.1%,3.0%,58,66,3.3,84,23,4%,2.4,32.0%,52.6%
46,Boston Children's Hospital,Acute Hospital,14286,2024,Sep 30,5,12,"10/01/2023-09/30/2024
",365,"$481,000",,,"$408,368,000","$2,586,789,000",,"$363,302,000","$3,358,940,000","$1,999,378,000","$62,034,000",,,"$5,332,404,000","$2,616,438,000","$2,715,966,000","$701,414,000","$5,478,792,000","$8,837,732,000",,"$31,760,000",,"$664,284,000","$696,044,000","$2,011,912,000",,"$779,628,000","$2,791,540,000","$3,487,584,000","$3,093,817,000","$1,132,266,000","$1,124,065,000","$5,350,148,000","$8,837,732,000","$2,007,911,000",,"$663,311,000",,,"$112,368,000","$2,783,590,000","$79,331,000","$24,313,000","$3,253,000","($57,143,000)","$5,791,000","$55,545,000","$2,839,135,000","$1,240,293,000",,"$187,745,000","$51,219,000","$42,867,000","$1,373,995,000",,"$2,896,119,000","($56,984,000)","$26,019,000","$45,285,000","$14,320,000","$27,221,000",,"$41,541,000",-4.0%,2.0%,-2.0%,74,91,4.8,0,14,5%,3.5,35.0%,39.4%
3107,Boston Medical Center,Acute Hospital,14287,2024,Sep 30,5,12,"10/01/2023-09/30/2024
",365,"$93,448,931",,"$53,959,000","$192,650,422","$79,690,078","$5,715,291","$302,976,089","$728,439,811","$970,035,533","$6,309,002",,,"$2,410,443,088","$1,373,420,674","$1,037,022,414","$170,063,473","$2,183,430,422","$2,911,870,233","$8,511,642",,"$78,377","$361,988,928","$370,578,947","$887,712,607",,"$227,587,474","$1,115,300,081","$1,485,879,028","$1,021,629,784","$360,072,836","$44,288,585","$1,425,991,205","$2,911,870,233","$1,534,908,632",,"$1,035,236,171",,,"$36,598,249","$2,606,743,052","$26,586,987",,"$60,972,186","($25,684)",,"$87,533,489","$2,694,276,541","$917,954,339",,"$109,538,119","$24,768,520","$43,501,711","$1,562,590,008",,"$2,658,352,697","$35,923,844","$88,248,467","$4,332,330","$128,504,641","$3,520,630",,"$132,025,271",-1.9%,3.2%,1.3%,46,54,2.0,13,13,7%,3.3,35.1%,46.5%
59,Brigham and Women's Faulkner Hospital,Acute Hospital,3791,2024,Sep 30,5,12,"10/01/2023-09/30/2024
",365,"$506,000","($4,974,000)",,"$42,144,000",,"$696,000","$5,629,000","$44,001,000","$12,782,000","$1,499,000",,,"$485,146,000","$171,840,000","$313,306,000","$9,078,000","$336,665,000","$380,666,000","$8,309,000","$939,000","$23,779,000","$43,969,000","$76,996,000","$181,778,000",,"$3,796,000","$185,574,000","$262,570,000","$109,906,000","$8,190,000",,"$118,096,000","$380,666,000","$385,701,000",,"$9,309,000",,,,"$395,010,000","$966,000",,"$902,000",,"$549,000","$2,417,000","$397,427,000","$195,183,000",,"$16,377,000","$176,000","$2,072,000","$174,278,000",,"$388,086,000","$9,341,000","$20,536,000","$8,846,000","$38,723,000","$585,000",,"$39,308,000",1.7%,0.6%,2.4%,40,75,0.6,-4,10,10%,2.9,28.9%,62.3%
22,Brigham and Women's Hospital,Acute Hospital,3791,2024,Sep 30,5,12,"10/01/2023-09/30/2024
",365,"$31,684,000","($11,270,000)","$205,167,000","$468,136,000",,"$11,062,000","$219,160,000","$923,939,000","$1,511,199,000","$67,371,000",,,"$3,514,591,000","$2,043,683,000","$1,470,908,000","$732,869,000","$3,782,347,000","$4,706,286,000","$137,939,000","$18,468,000","$154,463,000","$520,579,000","$831,449,000","$1,267,491,000",,"$208,510,000","$1,476,001,000","$2,307,450,000","$1,866,691,000","$532,145,000",,"$2,398,836,000","$4,706,286,000","$3,108,952,000",,"$1,218,695,000",,,,"$4,327,647,000","$27,970,000","$7,185,000","$167,962,000",,"$24,790,000","$227,907,000","$4,555,554,000","$1,493,234,000",,"$186,295,000","$45,202,000","$18,790,000","$2,411,142,000",,"$4,154,663,000","$400,891,000","($197,624,000)","$1,268,607,000","$1,471,874,000","$8,562,000",,"$1,480,436,000",3.8%,5.0%,8.8%,55,76,1.1,2,11,20%,2.5,39.7%,40.4%
3108,Cambridge Health Alliance,Acute Hospital,13159,2024,Jun 30,5,12,"07/01/2023-06/30/2024
",365,"$306,521,702",,,"$36,886,507",,"$14,974,111","$30,182,022","$388,564,342","$6,410,442",,,,"$835,166,829","$604,551,770","$230,615,059","$95,548,489","$332,573,990","$721,138,332","$12,731,231","$6,039,013",,"$141,959,867","$160,730,111","$56,023,126",,"$224,363,536","$280,386,662","$441,116,773","$272,130,428",,"$7,891,130","$280,021,558","$721,138,331","$430,553,227","$93,559,200","$464,154,987",,,,"$988,267,414","$8,661,408","$35,755,015",,"$8,457,236",,"$52,873,659","$1,041,141,073","$616,520,204","$6,622,520","$41,151,630","$2,205,239","$1,395,663","$366,837,071",,"$1,034,732,327","$6,408,746",,,"$6,408,746",,,"$6,408,746",-4.5%,5.1%,0.6%,31,57,2.4,113,15,22%,3.3,37.7%,17.1%
39,Cape Cod Hospital,Acute Hospital,3109,2024,Sep 30,5,12,"10/01/2023-09/30/2024
",365,"$18,761,591","$32,125,704",,"$72,875,972","$19,473,644",,"$19,034,964","$162,271,875","$55,868,061",,,,"$643,267,602","$336,204,714","$307,062,888","$220,835,769","$583,766,718","$746,038,593","$7,754,488","$12,882,185","$3,912,941","$73,492,961","$98,042,575","$59,340,193",,"$48,385","$59,388,578","$157,431,153","$533,002,134","$55,875,306",,"$588,877,440","$746,308,593","$709,310,965",,"$8,770,666",,,"$480,055","$718,561,686","$4,615,508","$761,322","($1,676)","$36,033,494",,"$41,408,648","$759,970,334","$370,246,769",,"$17,679,363","$251,174","$13,057,723","$283,671,962",,"$684,906,991","$75,063,343","($29,877,037)","$4,105,133","$49,291,439",,,"$49,291,439",4.4%,5.4%,9.9%,38,47,1.7,28,19,59%,11.6,71.4%,10.0%
50,Cooley Dickinson Hospital,Acute Hospital,3791,2024,Sep 30,5,12,"10/01/2023-09/30/2024
",365,"($9,930,000)","($27,081,000)","$17,304,000","$26,331,000",,,"$6,194,000","$12,818,000","$13,666,000","$488,000",,,"$209,942,000","$138,114,000","$71,828,000","$26,340,000","$112,322,000","$125,140,000","$3,840,000","$11,411,000","$16,967,000","$22,959,000","$55,177,000","$30,619,000",,"$19,505,000","$50,124,000","$105,301,000","$2,897,000","$16,942,000",,"$19,839,000","$125,140,000","$272,081,000",,"$5,056,000",,,,"$277,137,000","($4,016,000)","($1,515,000)","$4,046,000",,"($3,354,000)","($4,839,000)","$272,298,000","$125,912,000",,"$10,237,000","$1,166,000","$1,201,000","$124,460,000",,"$262,976,000","$9,322,000","($19,409,000)","$1,523,000","($8,564,000)",,,"($8,564,000)",5.2%,-1.8%,3.4%,35,63,0.2,-53,13,18%,3.3,2.3%,91.4%
51,Dana-Farber Cancer Institute,Acute Hospital,13155,2024,Sep 30,5,12,"10/01/2023-09/30/2024
",365,"$73,759,242",,"$800,408","$299,973,546",,,"$385,448,549","$759,981,745",,"$51,901,623",,,"$2,281,047,728","$1,295,184,618","$985,863,110","$3,543,324,297","$4,581,089,031","$5,341,070,776","$99,853,899","$69,901,190",,"$457,884,106","$627,639,194","$447,218,813",,"$359,171,696","$806,390,509","$1,434,029,703","$2,001,158,483","$1,583,873,609","$322,008,980","$3,907,041,073","$5,341,070,776","$2,609,273,328",,"$350,967,099",,,"$180,616,488","$3,140,856,915","$1,680,326","$311,874,510","$155,034,521","$13,126,382",,"$481,715,739","$3,622,572,655","$1,082,028,420",,"$90,093,808","$21,155,047","$15,291,995","$2,157,313,764",,"$3,365,883,035","$256,689,620",,"$12,236,546","$268,926,166","$880,339",,"$269,806,505",-6.2%,13.3%,7.1%,42,63,1.2,8,14,18%,1.8,37.5%,18.3%
57,Emerson Hospital,Acute Hospital,12776,2024,Sep 30,5,12,"10/01/2023-09/30/2024
",365,"$11,875,123",,,"$42,942,582","$809,888","$1,150,101","$50,822,563","$107,600,257","$137,426",,"$18,833,932",,"$349,359,924","$236,588,935","$112,770,989","$62,037,863","$193,780,210","$301,380,467","$51,806,372",,,"$55,357,534","$107,163,906","$54,775,360",,"$26,008,155","$80,783,515","$187,947,421","$96,037,442","$14,262,624","$3,132,980","$113,433,046","$301,380,467","$347,376,478",,"$31,989,519","$2,217,427",,"$2,803,831","$384,387,255","$1,351,870",,"($658,953)","($1,958,751)",,"($1,265,834)","$383,121,421","$202,728,930",,"$11,441,168","$2,378,928","$4,909,824","$145,592,650",,"$367,051,500","$16,069,921","($675,902)","$675,832","$16,069,851","($154,148)",,"$15,915,703",4.5%,-0.3%,4.2%,45,111,1.0,12,21,17%,0.6,31.9%,36.3%
8,Fairview Hospital,Acute Hospital,3106,2024,Sep 30,5,12,"10/01/2023-09/30/2024
",365,"$53,430,896",,,"$8,922,626","$367,326",,"$1,114,113","$63,834,961","$46,647,023",,,,"$38,704,799","$27,467,982","$11,236,817","$363,856","$58,247,696","$122,082,657","$213,120","$9,497,961",,"$7,214,526","$16,925,607","$1,938,120",,"$2,914,283","$4,852,403","$21,778,010","$92,984,305","$7,062,100","$258,242","$100,304,647","$122,082,657","$77,739,405","$1,899,739","$9,121,766",,,"$34,114","$88,795,024","$2,777,662",,"$5,502,843",,,"$8,280,505","$97,075,529","$46,231,280",,"$2,330,799","$19,766","$747,768","$33,138,425",,"$82,468,038","$14,607,491","($1,173,436)","$630,433","$14,064,488",,,"$14,064,488",6.5%,8.5%,15.0%,42,34,3.8,243,12,61%,49.2,76.2%,2.0%
40,Falmouth Hospital,Acute Hospital,3109,2024,Sep 30,5,12,"10/01/2023-09/30/2024
",365,"$846,693","$2,938,779",,"$16,455,759",,,"$5,446,221","$25,687,452","$21,122,591",,,,"$210,893,937","$133,648,964","$77,244,973","$219,806,232","$318,173,796","$343,861,248","$1,853,146","$3,991,168","$40,759,507","$13,320,762","$59,924,583","$12,118,618",,"$58,461","$12,177,079","$72,101,662","$250,636,995","$21,122,591",,"$271,759,586","$343,861,248","$185,146,570",,"$2,698,410",,,"$675,988","$188,520,968","$3,973,940","$634,558",,"$31,278,016",,"$35,886,514","$224,407,482","$106,119,835",,"$6,359,682","$243,193","$3,379,749","$67,071,800",,"$183,174,259","$41,233,223","($9,239,361)","$4,425,785","$36,419,647",,,"$36,419,647",2.4%,16.0%,18.4%,32,116,0.4,8,21,66%,22.8,72.9%,4.6%
68,Harrington Memorial Hospital,Acute Hospital,6755,2024,Sep 30,5,12,"10/01/2023-09/30/2024
",365,"($777,000)",,,"$24,507,000","$21,164,000","$554,000","$7,087,000","$52,535,000","$204,000",,,,"$112,595,000","$57,755,000","$54,840,000","$59,599,000","$114,643,000","$167,178,000",,"$2,077,000","$43,558,000","$18,567,000","$64,202,000",,"$22,960,000","$7,344,000","$30,304,000","$94,506,000","$64,393,000","$795,000","$7,484,000","$72,672,000","$167,178,000","$168,229,000",,"$6,922,000",,,"$7,000","$175,158,000","$10,528,000","$4,606,000",,"$5,458,000",,"$20,592,000","$195,750,000","$96,765,000",,"$6,907,000","$2,691,000","$2,009,000","$78,042,000",,"$186,414,000","$9,336,000","($7,268,000)",,"$2,068,000",,,"$2,068,000",-5.8%,10.5%,4.8%,53,128,0.8,-2,8,25%,7.0,38.5%,0.0%
14496,HealthAlliance-Clinton Hospital,Acute Hospital,6755,2024,Sep 30,5,12,"10/01/2023-09/30/2024
",365,"$2,584,000","$536,000",,"$43,229,000","$143,191,000","$1,237,000","$5,897,000","$196,674,000","$25,287,000",,,,"$280,822,000","$168,841,000","$111,981,000","$89,127,000","$226,395,000","$423,069,000",,"$1,085,000","$169,422,000","$22,279,000","$192,786,000",,"$55,560,000","$4,781,000","$60,341,000","$253,127,000","$135,934,000","$8,646,000","$25,361,000","$169,941,000","$423,068,000","$273,689,000",,"$24,331,000",,,"$947,000","$298,967,000","$757,000","$793,000",,"$11,567,000",,"$13,117,000","$312,084,000","$91,456,000",,"$13,079,000","$2,825,000","$4,640,000","$174,947,000",,"$286,947,000","$25,137,000","($2,122,000)","$553,000","$23,568,000",,,"$23,568,000",3.9%,4.2%,8.1%,58,258,1.0,4,13,20%,14.5,32.1%,0.0%
73,Heywood Hospital,Acute Hospital,12807,2024,Sep 30,5,12,"10/01/2023-09/30/2024
",365,"$6,931,618",,,"$18,213,816","$21,077,759",,"$4,442,296","$50,665,489","$6,028,972",,,,"$143,028,599","$85,639,476","$57,389,123","$3,205,411","$66,623,506","$117,288,995","$2,370,658","$1,027,896",,"$42,118,569","$45,517,123","$51,995,107",,"$34,191,654","$86,186,761","$131,703,884","($19,871,789)",,"$5,456,900","($14,414,889)","$117,288,995","$155,952,541",,"$35,881,500",,,,"$191,834,041","$81,955",,,,,"$81,955","$191,915,996","$90,190,697",,"$4,965,498","$1,580,298","$3,194,587","$102,425,194",,"$202,356,274","($10,440,278)","$11,654,920",,"$1,214,642",,,"$1,214,642",-5.5%,0.0%,-5.4%,43,83,1.1,13,17,-6%,-1.0,-16.9%,161.9%
77,Holyoke Medical Center,Acute Hospital,12767,2024,Sep 30,5,12,"10/01/2023-09/30/2024
",365,"$15,844,992","$5,568,889",,"$27,817,218","$17,685",,"$8,080,587","$57,329,371","$3,936,324",,"$4,110,155",,"$187,840,992","$128,695,081","$59,145,911","$4,822,897","$72,015,287","$129,344,658","$2,174,686","$9,434,746",,"$53,930,184","$65,539,616","$19,251,761",,"$5,092,409","$24,344,170","$89,883,786","$34,109,615","$2,538,498","$2,812,759","$39,460,872","$129,344,658","$217,848,080",,"$36,637,706",,"$5,911,692","$36,732","$260,434,210","$572,896","$95,167","$616,690","$32,306","($3,200,888)","($1,883,829)","$258,550,381","$156,556,545",,"$6,272,743","$843,804","$3,866,801","$89,017,641",,"$256,557,534","$1,992,847","($1,210,000)","$76,746","$859,593","($2,774,233)",,"($1,914,640)",1.5%,-0.7%,0.8%,47,82,0.9,31,21,9%,2.8,26.4%,36.1%
6546,Lahey Hospital & Medical Center,Acute Hospital,16665,2024,Sep 30,5,12,"10/01/2023-09/30/2024
",365,"$235,000","$388,153,000",,"$151,291,000",,,"$120,984,000","$660,663,000","$145,685,000",,,,"$1,513,964,000","$1,097,340,000","$416,624,000","$38,223,000","$600,532,000","$1,261,195,000","$7,645,000",,,"$280,500,000","$288,145,000","$256,860,000",,"$131,479,000","$388,339,000","$676,484,000","$437,463,000","$61,227,000","$86,021,000","$584,711,000","$1,261,195,000","$1,161,877,000",,"$87,296,000",,,,"$1,249,173,000","$29,431,000",,"$28,701,000","($10,671,000)",,"$47,461,000","$1,296,634,000","$501,127,000",,"$63,164,000","$9,198,000","$17,234,000","$558,706,000",,"$1,149,429,000","$147,205,000","($72,454,000)","$7,680,000","$82,431,000","$5,240,000",,"$87,671,000",7.7%,3.7%,11.4%,48,98,2.3,131,17,33%,11.3,34.7%,37.0%
83,Lawrence General Hospital,Acute Hospital,13156,2024,Sep 30,5,12,"10/01/2023-09/30/2024
",365,"$46,613,000",,"$3,136,000","$40,255,000","$19,026,000","$14,273,000","$18,650,000","$141,953,000","$13,058,000",,,"$20,313,000","$274,940,000","$192,255,000","$82,685,000","$43,533,000","$159,589,000","$301,542,000","$1,562,000","$3,594,000","$2,214,000","$121,085,000","$128,455,000","$67,168,000",,"$77,249,000","$144,417,000","$272,872,000","$27,570,000",,"$1,100,000","$28,670,000","$301,542,000","$306,692,000",,"$23,584,000",,,,"$330,276,000","$695,000","$27,000","$456,000",,"$3,060,000","$4,238,000","$334,514,000","$150,477,000",,"$11,733,000","$3,680,000","$8,190,804","$165,453,196",,"$339,534,000","($5,020,000)",,"($3,715,000)","($8,735,000)",,,"($8,735,000)",-2.8%,1.3%,-1.5%,48,141,1.1,52,16,3%,1.9,9.1%,70.9%
85,Lowell General Hospital,Acute Hospital,12775,2024,Sep 30,5,12,"10/01/2023-09/30/2024
",365,"$14,217,000",,"$1,611,000","$61,816,000","$12,856,000","$1,147,000","$11,192,000","$102,839,000","$9,289,000",,,"$19,001,000","$603,440,000","$385,716,000","$217,724,000","$34,934,000","$280,948,000","$383,787,000","$2,521,000","$29,000","$4,750,000","$93,955,000","$101,255,000","$74,041,000",,"$31,615,000","$105,656,000","$206,911,000","$168,191,000","$3,960,000","$4,725,000","$176,876,000","$383,787,000","$547,749,000",,"$42,900,000",,,"$1,369,000","$592,018,000","$322,000","$160,000",,,"($2,049,000)","($1,567,000)","$590,451,000","$296,595,000",,"$24,180,000","$10,399,000","$25,185,000","$256,574,000",,"$612,933,000","($22,482,000)","$107,793,000","$66,000","$85,377,000","$8,546,000",,"$93,923,000",-3.5%,-0.3%,-3.8%,41,64,1.0,9,16,1%,0.9,43.8%,30.6%
133,Marlborough Hospital,Acute Hospital,6755,2024,Sep 30,5,12,"10/01/2023-09/30/2024
",365,"$1,849,000","$453,000",,"$17,447,000","$69,829,000","$557,000","$2,099,000","$92,234,000","$5,958,000",,,,"$71,370,000","$41,323,000","$30,047,000","$26,424,000","$62,429,000","$154,663,000",,"$699,000","$68,093,000","$11,354,000","$80,146,000",,"$11,106,000","$1,194,000","$12,300,000","$92,446,000","$56,380,000","$3,702,000","$2,136,000","$62,218,000","$154,664,000","$122,832,000",,"$1,786,000",,,"$310,000","$124,928,000","$389,000","$79,000",,"$4,187,000",,"$4,655,000","$129,583,000","$46,179,000",,"$3,575,000","$724,000","$2,702,000","$70,226,000",,"$123,406,000","$6,177,000","($877,000)",,"$5,300,000",,,"$5,300,000",1.2%,3.6%,4.8%,52,243,1.2,7,12,12%,14.5,36.5%,0.0%
88,Martha's Vineyard Hospital,Acute Hospital,3791,2024,Sep 30,5,12,"10/01/2023-09/30/2024
",365,"$12,950,000","$49,502,000","$8,805,000","$17,528,000",,,"$8,817,000","$97,602,000","$51,590,000","$3,979,000",,,"$146,393,000","$77,462,000","$68,931,000","$21,318,000","$145,818,000","$243,420,000","$45,000","$12,783,000","$6,125,000","$12,194,000","$31,147,000","$575,000",,"$7,902,000","$8,477,000","$39,624,000","$182,611,000","$21,185,000",,"$203,796,000","$243,420,000","$144,138,000",,"$9,201,000",,,,"$153,339,000","$7,281,000","($69,000)","$6,260,000",,"$139,000","$13,611,000","$166,950,000","$88,615,000",,"$6,749,000","$62,000","$894,000","$47,700,000",,"$144,020,000","$22,930,000","($3,744,000)","$9,956,000","$29,142,000","$185,000",,"$29,327,000",5.6%,8.2%,13.7%,44,49,3.1,166,11,74%,219.4,75.0%,0.3%
89,Massachusetts Eye and Ear Infirmary,Acute Hospital,3791,2024,Sep 30,5,12,"10/01/2023-09/30/2024
",365,"($36,811,000)","($28,341,000)","$5,124,000","$29,522,000",,"$196,000","$11,357,000","($18,953,000)","$60,447,000",,,,"$348,098,000","$192,640,000","$155,458,000","$57,209,000","$273,114,000","$254,161,000","$10,056,000","$1,005,000","$20,541,000","$34,231,000","$65,833,000","$115,296,000",,"$52,686,000","$167,982,000","$233,815,000","$16,839,000","$3,507,000",,"$20,346,000","$254,161,000","$311,807,000",,"$82,101,000",,,,"$393,908,000","($15,858,000)","($4,014,000)","$19,250,000",,"($1,677,000)","($2,299,000)","$391,609,000","$131,250,000",,"$22,057,000","$5,345,000","$1,526,000","$234,121,000",,"$394,299,000","($2,690,000)","$8,955,000","$1,059,000","$7,324,000","$48,000",,"$7,372,000",-0.1%,-0.6%,-0.7%,35,64,-0.3,-64,9,0%,0.4,6.6%,87.3%
91,Massachusetts General Hospital,Acute Hospital,3791,2024,Sep 30,5,12,"10/01/2023-09/30/2024
",365,"$140,532,000","$52,242,000","$151,572,000","$587,957,000",,"$8,432,000","$268,053,000","$1,208,788,000","$2,013,059,000","$105,568,000","$2,349,231,000",,"$5,562,709,000","$2,868,138,000","$2,694,571,000","$339,066,000","$7,501,495,000","$8,710,283,000","$64,373,000","$17,187,000","$195,211,000","$640,046,000","$916,817,000","$706,497,000",,"$715,121,000","$1,421,618,000","$2,338,435,000","$3,853,572,000","$2,518,276,000",,"$6,371,848,000","$8,710,283,000","$4,147,125,000",,"$2,263,426,000",,,,"$6,410,551,000","$21,715,000",,"$160,472,000",,"($21,056,000)","$161,131,000","$6,571,682,000","$2,036,792,000",,"$256,000,000","$19,289,000","$24,830,000","$3,706,142,000",,"$6,043,053,000","$528,629,000","($126,842,000)","$1,470,147,000","$1,871,934,000","($3,021,000)",,"$1,868,913,000",5.6%,2.5%,8.0%,52,57,1.3,12,11,38%,7.7,44.2%,15.5%
3111,Melrose-Wakefield Healthcare,Acute Hospital,12775,2024,Sep 30,5,12,"10/01/2023-09/30/2024
",365,"$1,374,000",,,"$28,883,000","$5,470,000","$7,373,000","$9,833,000","$52,933,000","$23,221,000",,,"$2,157,000","$545,106,000","$428,524,000","$116,582,000","$12,333,000","$154,293,000","$207,226,000","$20,628,000","$3,119,000","$13,281,000","$29,967,000","$66,995,000","$6,991,000",,"$7,366,000","$14,357,000","$81,352,000","$102,653,000","$6,017,000","$17,204,000","$125,874,000","$207,226,000","$238,660,000",,"$23,804,000",,,"$905,000","$263,369,000","$838,000","($360,000)",,,"$5,715,000","$6,193,000","$269,562,000","$158,336,000",,"$15,964,000","$6,825,000","$4,337,000","$99,581,000",,"$285,043,000","($15,481,000)","$76,811,000","$622,000","$61,952,000",,,"$61,952,000",-8.0%,2.3%,-5.7%,44,89,0.8,2,27,1%,0.3,49.5%,6.4%
6547,Mercy Medical Center,Acute Hospital,14288,2024,Jun 30,5,12,"07/01/2023-06/30/2024
",365,"$51,279","$24,159",,"$39,010,942","$81,811,789",,"$19,974,401","$140,872,570","$3,633,727","$52,044",,,"$70,234,865","$42,947,319","$27,287,546","$31,436,116","$62,409,433","$203,282,003","$2,088,097","$6,325,103","$30,654,924","$25,926,191","$64,994,315","$99,793,332",,"$827,070","$100,620,402","$165,614,717","$33,981,515","$2,954,729","$731,042","$37,667,286","$203,282,003","$288,443,497",,"$33,114,455",,"$3,267,533","$89,913","$324,915,398","$136,518","$388,547",,"($561,178)",,"($36,113)","$324,879,285","$102,795,362","$10,530,345","$12,700,864","$4,066,856","$9,521,514","$177,258,270","$37,767,817","$354,641,028","($29,761,743)","($3,961,145)","$660,373","($33,062,515)",,,"($33,062,515)",-9.1%,0.0%,-9.2%,49,63,2.2,0,3,-10%,-2.1,16.7%,74.6%
3110,MetroWest Medical Center,Acute Hospital,3888,2024,Dec 31,5,12,"01/01/2024-12/31/2024
",365,,,,"$31,100,000",,,"$67,500,000","$98,600,000",,,,"$3,200,000","$121,000,000","$71,500,000","$49,500,000","$148,700,000","$201,400,000","$300,000,000","$200,000",,,"$72,100,000","$72,300,000",,"$344,100,000","$1,500,000","$345,600,000","$417,900,000","($117,900,000)",,,"($117,900,000)","$300,000,000","$188,300,000",,,,,,"$188,300,000",,,,"$1,100,000",,"$1,100,000","$189,400,000","$109,400,000",,"$8,600,000","$300,000",,"$93,500,000",,"$211,800,000","($22,400,000)",,,"($22,400,000)",,,"($22,400,000)",-12.4%,0.6%,-11.8%,60,130,1.4,0,8,-19%,-27.0,-39.3%,0.0%
97,Milford Regional Medical Center,Acute Hospital,13157,2024,Sep 30,5,12,"10/01/2023-09/30/2024
",365,"$9,053,235","$14,062,446","$2,386,114","$28,150,157",,,"$8,039,942","$61,691,894","$25,681,333","$6,677,225",,,"$267,609,639","$141,473,853","$126,135,786","$17,018,379","$175,512,723","$237,204,617","$5,204,259","$8,763,717",,"$33,359,945","$47,327,921","$95,051,865",,"$17,753,126","$112,804,991","$160,132,912","$71,743,354",,"$5,328,351","$77,071,705","$237,204,617","$280,214,468",,"$9,290,455",,"$855,278",,"$290,360,201","$2,432,032","$768,253","$3,563,648","($60,303)",,"$6,703,630","$297,063,831","$157,759,213",,"$11,216,733","$4,881,312","$5,532,372","$117,844,064","$4,279,737","$301,513,431","($4,449,600)","($10,276,401)","$966,616","($13,759,385)",,,"($13,759,385)",-3.8%,2.3%,-1.5%,37,49,1.3,29,13,2%,0.8,30.2%,57.0%
99,Morton Hospital,Acute Hospital,11273,2024,Dec 31,3,9,"01/01/2024-09/30/2024
",273.75,,,,"$29,702,546","$16,171,392","$3,825,378","$3,374,558","$53,073,874",,,,"$16,781,052","$127,633,687","$38,006,866","$89,626,821","$1,275,612","$107,683,485","$160,757,358","$10,650,398","$2,836,054","$48,938,848","$23,615,358","$86,040,658","$75,338,747","($23,290,529)","$20,418,699","$72,466,917","$158,507,575","$2,249,783",,,"$2,249,783","$160,757,358","$113,456,520",,"$6,753,576",,,,"$120,210,096",,,,,,-,"$120,210,096","$76,051,581",,"$4,197,369","$7,236,266",,"$42,370,244",,"$129,855,461","($9,645,365)",,,"($9,645,365)",,,"($9,645,365)",-8.0%,0.0%,-8.0%,72,192,0.6,0,9,-3%,0.1,1.4%,97.1%
100,Mount Auburn Hospital,Acute Hospital,16665,2024,Sep 30,5,12,"10/01/2023-09/30/2024
",365,"$276,000","$114,503,000",,"$36,493,000",,,"$8,229,000","$159,501,000","$19,496,000",,,,"$637,265,000","$481,233,000","$156,032,000","$74,828,000","$250,356,000","$409,857,000","$9,065,000",,,"$102,146,000","$111,211,000","$68,471,000",,"$29,487,000","$97,958,000","$209,169,000","$181,192,000","$8,112,000","$11,384,000","$200,688,000","$409,857,000","$330,101,000",,"$24,359,000",,,,"$354,460,000","$2,035,000",,"$22,383,000",,,"$24,418,000","$378,878,000","$165,121,000",,"$24,909,000","$2,978,000","$7,239,000","$170,362,000",,"$370,609,000","$8,269,000",,"$2,713,000","$10,982,000","($54,000)",,"$10,928,000",-4.3%,6.4%,2.2%,40,118,1.4,121,19,6%,1.1,44.2%,27.4%
101,Nantucket Cottage Hospital,Acute Hospital,3791,2024,Sep 30,5,12,"10/01/2023-09/30/2024
",365,"$15,331,000","($12,100,000)","$5,553,000","$9,217,000","$4,174,000","$305,000","$3,176,000","$25,656,000","$6,474,000","$2,824,000",,,"$146,182,000","$45,873,000","$100,309,000","$39,862,000","$149,469,000","$175,125,000","$98,000","$149,000",,"$4,814,000","$5,061,000","$1,604,000",,"$1,450,000","$3,054,000","$8,115,000","$124,925,000","$42,085,000",,"$167,010,000","$175,125,000","$75,847,000",,"$12,470,000",,,,"$88,317,000","$6,420,000","$1,643,000","($5,660,000)",,"$3,608,000","$6,011,000","$94,328,000","$48,436,000",,"$6,556,000","$102,000","$196,000","$40,007,000",,"$95,297,000","($969,000)","$2,927,000","$4,247,000","$6,205,000","$6,000",,"$6,211,000",-7.4%,6.4%,-1.0%,44,20,5.1,13,7,169%,56.7,71.3%,1.3%
11467,Nashoba Valley Medical Center,Acute Hospital,11273,2024,Dec 31,3,8,"01/01/2024-08/31/2024
",273.75,,,,"$9,837,259","$11,410,918","$737,283","$1,516,002","$23,501,462",,,,"$1,456,015","$44,392,342","$13,909,850","$30,482,492",,"$31,938,507","$55,439,969","$3,036,400","$1,379,817","($59,790,063)","$9,999,319","($45,374,528)","$28,365,418","$29,833,377","$50,988,916","$109,187,712","$63,813,184","($8,373,215)",,,"($8,373,215)","$55,439,969","$36,603,782",,"$1,765,092",,,,"$38,368,873",,,,,,-,"$38,368,873","$23,826,228",,"$1,150,202","$2,127,359",,"$17,110,844",,"$44,214,633","($5,845,759)",,,"($5,845,759)",,,"($5,845,759)",-15.2%,0.0%,-15.2%,74,-313,-0.5,0,12,28%,-0.5,-15.1%,141.9%
103,New England Baptist Hospital,Acute Hospital,16665,2024,Sep 30,5,12,"10/01/2023-09/30/2024
",365,"$27,000","$82,153,000",,"$28,524,000",,,"$15,719,000","$126,423,000","$35,134,000",,,,"$292,400,000","$210,020,000","$82,380,000","$31,524,000","$149,038,000","$275,461,000","$2,175,000",,,"$28,683,000","$30,858,000","$38,770,000",,"$26,254,000","$65,024,000","$95,882,000","$144,445,000","$14,750,000","$20,384,000","$179,579,000","$275,461,000","$200,955,000",,"$22,586,000",,,,"$223,541,000","$261,000",,"$6,517,000","($25,000)",,"$6,753,000","$230,294,000","$96,367,000",,"$9,597,000","$1,451,000","$5,643,000","$129,514,000",,"$242,572,000","($12,278,000)",,,"($12,278,000)","$936,000",,"($11,342,000)",-8.3%,2.9%,-5.3%,52,49,4.1,129,22,-13%,-2.1,52.4%,21.2%
105,Newton-Wellesley Hospital,Acute Hospital,3791,2024,Sep 30,5,12,"10/01/2023-09/30/2024
",365,"$8,505,000","$115,642,000","$31,818,000","$72,697,000",,"$2,159,000","$11,925,000","$242,746,000","$55,475,000","$3,837,000",,,"$666,540,000","$398,474,000","$268,066,000","$135,454,000","$462,832,000","$705,578,000","$25,143,000","$10,890,000","$36,750,000","$63,500,000","$136,283,000","$194,683,000",,"$43,244,000","$237,927,000","$374,210,000","$217,696,000","$113,672,000",,"$331,368,000","$705,578,000","$720,391,000",,"$32,933,000",,,,"$753,324,000","$53,556,000","($3,133,000)","($24,342,000)",,"($10,864,000)","$15,217,000","$768,541,000","$377,774,000",,"$37,057,000","$7,104,000","$4,514,000","$316,933,000",,"$743,382,000","$25,159,000","($10,720,000)","$1,868,000","$16,307,000","$1,833,000",,"$18,140,000",1.3%,2.0%,3.3%,37,65,1.8,64,11,26%,2.9,30.9%,47.2%
21965,North Adams Regional Hospital,Acute Hospital,3106,2024,Sep 30,5,12,"10/01/2023-09/30/2024
",365,"($19,854)",,,"$10,123,800",,,"$792,396","$10,896,342","$345,944",,,,"$30,375,942","$12,304,831","$18,071,111","$76,549","$18,493,604","$29,389,946",,"$1,894,803","$29,874,737","$2,455,217","$34,224,757",,,"$951,495","$951,495","$35,176,252","($5,796,306)","$10,000",,"($5,786,306)","$29,389,946","$19,996,010",,"$232,704",,,,"$20,228,714",,,,,,-,"$20,228,714","$9,923,976",,"$1,222,692",,,"$14,878,352",,"$26,025,020","($5,796,306)",,,"($5,796,306)",,,"($5,796,306)",-28.7%,0.0%,-28.7%,185,476,0.3,0,10,-13%,,-19.7%,0.0%
345,North Shore Medical Center,Acute Hospital,3791,2024,Sep 30,5,12,"10/01/2023-09/30/2024
",365,"$34,935,000","$10,096,000","$22,624,000","$65,181,000",,"$6,484,000","$10,140,000","$149,460,000","$56,392,000","$1,039,000",,,"$697,168,000","$341,024,000","$356,144,000","$73,350,000","$486,925,000","$636,385,000","$16,948,000","$1,690,000","$31,018,000","$52,065,000","$101,721,000","$200,101,000",,"$17,145,000","$217,246,000","$318,967,000","$261,681,000","$55,737,000",,"$317,418,000","$636,385,000","$578,999,000",,"$55,440,000",,,,"$634,439,000","$8,009,000","($1,070,000)","$7,795,000",,"($4,736,000)","$9,998,000","$644,437,000","$349,497,000",,"$40,477,000","$8,882,000","$2,569,000","$249,071,000",,"$650,496,000","($6,059,000)","($14,233,000)","$6,547,000","($13,745,000)","$1,463,000",,"($12,282,000)",-2.5%,1.6%,-0.9%,41,61,1.5,27,8,9%,1.4,41.1%,43.3%
3112,Northeast Hospital,Acute Hospital,16665,2024,Sep 30,5,12,"10/01/2023-09/30/2024
",365,"($41,000)","$249,257,000",,"$54,636,000",,,"$61,558,000","$365,410,000","$24,399,000",,,,"$436,105,000","$320,895,000","$115,210,000","$12,270,000","$151,879,000","$517,289,000","$3,815",,,"$62,850,185","$62,854,000","$64,083,000",,"$43,822,000","$107,905,000","$170,759,000","$316,627,000","$17,681,000","$12,222,000","$346,530,000","$517,289,000","$436,837,000",,"$94,748,000",,,,"$531,585,000","$5,042,000",,"$34,366,000","($5,331,000)",,"$34,077,000","$565,662,000","$235,207,000",,"$15,621,000","$1,751,000","$9,345,000","$232,530,000",,"$494,454,000","$71,208,000","($27,827,000)","$100,000","$43,481,000","($1,340,000)",,"$42,141,000",6.6%,6.0%,12.6%,46,48,5.8,190,21,41%,30.9,61.2%,16.8%
127,Saint Vincent Hospital,Acute Hospital,3888,2024,Dec 31,5,12,"01/01/2024-12/31/2024
",365,,,,"$57,900,000",,,"$24,600,000","$82,500,000",,,,"$3,500,000","$414,300,000","$156,900,000","$257,400,000","$12,200,000","$273,100,000","$355,600,000","$500,000",,,"$30,200,000","$30,700,000",,"$55,300,000","$4,400,000","$59,700,000","$90,400,000","$265,200,000",,,"$265,200,000","$355,600,000","$426,200,000",,,,,,"$426,200,000",,,,,,-,"$426,200,000","$169,700,000",,"$15,300,000","$300,000",,"$238,600,000",,"$423,900,000","$2,300,000",,,"$2,300,000",,,"$2,300,000",0.5%,0.0%,0.5%,50,27,2.7,0,10,57%,22.4,74.6%,0.0%
6963,Shriners Hospitals for Children Boston,Acute Hospital,13158,2024,Dec 31,5,12,"01/01/2024-12/31/2024
",365,"$132,331",,,"$1,819,000","$20,234",,"$669,213","$2,640,778",,,,,"$126,912,024","$87,312,887","$39,599,137",,"$39,599,137","$42,239,915",,,,"$4,708,625","$4,708,625",,,"$53,962","$53,962","$4,762,587","$37,477,000",,,"$37,477,000","$42,239,587","$4,734,356",,"$6,679,495",,,,"$11,413,851",,,,"$29,289,000",,"$29,289,000","$40,702,851","$18,591,358",,"$3,583,609",,"$205,384","$20,412,873",,"$42,793,224","($2,090,373)",,,"($2,090,373)",,,"($2,090,373)",-77.1%,72.0%,-5.1%,140,44,0.6,1,24,32%,,88.7%,0.0%
25,Signature Healthcare Brockton Hospital,Acute Hospital,9991,2024,Sep 30,5,12,"10/01/2023-09/30/2024
",365,"$52,727,644",,,"$20,499,495",,"$9,361,767","$33,783,527","$116,372,433","$94,214,104",,,,"$362,999,931","$166,389,603","$196,610,328","$43,390,006","$334,214,438","$450,586,871","$7,927,802","$25,271,873",,"$83,443,654","$116,643,329","$97,925,153",,"$7,027,641","$104,952,794","$221,596,123","$214,718,673",,"$14,272,075","$228,990,748","$450,586,871","$134,946,487","$23,862,175","$84,574,078","$2,361,223",,"$378,399","$246,122,362","$2,971,889",,,"$51,537,936","$92,130,681","$146,640,506","$392,762,868","$155,729,859",,"$12,629,248","$3,650,156","$11,000,988","$125,658,842",,"$308,669,093","$84,093,775","($4,134,944)","$4,247,815","$84,206,646","$2,964,064",,"$87,170,710",-15.9%,37.3%,21.4%,55,114,1.0,65,13,45%,8.7,47.7%,31.3%
122,South Shore Hospital,Acute Hospital,12759,2024,Sep 30,5,12,"10/01/2023-09/30/2024
",365,"$5,722,374",,"$2,138,039","$108,868,519","$8,600","$3,233,675","$33,233,900","$153,205,107","$247,407,767","$1,205,978",,,"$637,425,767","$403,988,383","$233,437,384","$54,352,087","$536,403,216","$689,608,323","$12,566,303","$3,022,026","$6,687,993","$85,527,581","$107,803,903","$170,746,718",,"$35,685,663","$206,432,381","$314,236,284","$355,436,809",,"$19,935,230","$375,372,039","$689,608,323","$815,143,319",,"$50,074,970",,"$8,694,986","$3,113,012","$877,026,287","$3,072,077","$1,172,134","$28,704,290","$11,338,654","($3,177,526)","$41,109,629","$918,135,916","$496,751,080",,"$28,584,528","$7,709,778","$2,231,117","$362,762,861",,"$898,039,364","$20,096,552",,"$3,125,278","$23,221,830",,,"$23,221,830",-2.3%,4.5%,2.2%,49,44,1.4,2,14,7%,1.4,51.5%,32.5%
3113,Southcoast Hospitals Group,Acute Hospital,4027,2024,Sep 30,5,12,"10/01/2023-09/30/2024
",365,"$50,069,685","$2,178,891","$2,337,770","$106,968,678","$35,235,796","$8,347,219","$47,995,593","$253,133,631","$104,419,035","$771,452",,,"$1,006,244,851","$690,344,381","$315,900,469","$484,432,773","$905,523,730","$1,158,657,361","$11,618,336","$5,898,614","$8,478,457","$143,164,791","$169,160,198","$212,636,528",,"$75,297,506","$287,934,034","$457,094,232","$604,545,553","$31,284,730","$65,732,846","$701,563,129","$1,158,657,361","$994,599,492",,"$165,767,704","$24,197,268",,"$3,805,257","$1,188,369,720","$8,988,002","$867,063","$58,679,162","$6,746,655",,"$75,280,882","$1,263,650,602","$549,003,413",,"$55,856,773","$6,999,290","$27,137,819","$470,858,074",,"$1,109,855,369","$153,795,233","($64,148,170)","$28,076","$89,675,140",,,"$89,675,140",6.2%,6.0%,12.2%,39,57,1.5,18,12,40%,8.5,52.2%,26.0%
42,Steward Carney Hospital,Acute Hospital,11273,2024,Dec 31,3,8,"01/01/2024-08/31/2024
",273.75,,,,"$9,060,507","$134,792,516","$8,164,438","$1,990,177","$154,007,637",,,,"$28,214,569","$160,139,978","$33,162,957","$126,977,021","$405,429","$155,597,019","$309,604,657","$11,818,341","$1,557,641","$115,751,527","$20,544,035","$149,671,545","$113,379,960","$37,462,057","$154,088,077","$304,930,094","$454,601,639","($144,996,982)",,,"($144,996,982)","$309,604,657","$45,524,198",,"$13,895,090",,,,"$59,419,287",,,,,,-,"$59,419,287","$40,691,410",,"$3,745,541","$9,114,995",,"$29,581,525",,"$83,133,471","($23,714,184)",,,"($23,714,184)",,,"($23,714,184)",-39.9%,0.0%,-39.9%,54,577,1.0,0,9,-8%,-0.5,-46.8%,-358.6%
8701,Steward Good Samaritan Medical Center,Acute Hospital,11273,2024,Dec 31,3,9,"01/01/2024-09/30/2024
",273.75,,,,"$50,993,731","$315,363,702","$6,206,511","$5,068,771","$377,632,715",,,,"$21,967,519","$182,052,470","$60,462,674","$121,589,795","$536,909","$144,094,224","$521,726,939","$16,519,799","$11,358,698","($4,086,788)","$39,807,148","$63,598,858","$109,516,434","$20,412,057","$27,245,520","$157,174,011","$220,772,868","$300,954,070",,,"$300,954,070","$521,726,939","$179,053,782",,"$11,588,885",,,,"$190,642,667",,,,,,-,"$190,642,667","$119,725,091",,"$5,330,266","$10,499,079",,"$84,586,252",,"$220,140,689","($29,498,021)",,,"($29,498,021)",,,"($29,498,021)",-15.5%,0.0%,-15.5%,78,70,5.9,0,11,-14%,-0.5,57.7%,26.7%
75,Steward Holy Family Hospital,Acute Hospital,11273,2024,Dec 31,3,9,"01/01/2024-09/30/2024
",273.75,,,,"$30,024,520","($21,237,128)","$8,606,187","$4,508,857","$21,902,436",,,,"$11,626,561","$239,341,525","$63,801,288","$175,540,236","$550,206","$187,717,003","$209,619,440","$21,772,026","$10,332,136","($256,164,445)","$29,036,299","($195,023,983)","$166,140,761","$55,761,775","$123,943,252","$345,845,787","$150,821,804","$58,797,635",,,"$58,797,635","$209,619,440","$132,361,130",,"$12,531,793",,,,"$144,892,923",,,,,,-,"$144,892,923","$100,395,895",,"$7,433,113","$17,552,560",,"$63,609,967",,"$188,991,536","($44,098,612)",,,"($44,098,612)",,,"($44,098,612)",-30.4%,0.0%,-30.4%,62,-343,-0.1,0,9,127%,-0.5,28.0%,73.9%
41,Steward Norwood Hospital,Acute Hospital,11273,2024,Dec 31,3,9,"01/01/2024-09/30/2024
",273.75,,,,"($426,289)","$14,549,215","$629,741","$543,107","$15,295,774",,,,"$24,589,392","$54,169,438","$34,111,659","$20,057,779","$496,035","$45,143,207","$60,438,981","$450,257","$4,591,461","($280,446,906)","$5,907,489","($269,497,700)","$5,504,807","$11,287,543","$109,395,530","$126,187,880","($143,309,819)","$203,748,800",,,"$203,748,800","$60,438,981","$10,720,738",,"($1,378,089)",,,,"$9,342,649",,,,,,-,"$9,342,649","$6,475,805",,"$738,841","$1,603,391",,"$11,611,748",,"$20,429,784","($11,087,135)",,,"($11,087,135)",,,"($11,087,135)",-118.7%,0.0%,-118.7%,-11,-4148,-0.1,0,46,4%,-4.3,337.1%,2.6%
114,Steward Saint Anne's Hospital,Acute Hospital,11273,2024,Dec 31,3,9,"01/01/2024-09/30/2024
",273.75,,,,"$46,993,705","$319,665,591","$3,432,750","$3,583,421","$373,675,466",,,,"$12,099,932","$165,585,020","$66,663,056","$98,921,964","$2,182,408","$113,204,304","$486,879,770","$12,520,614","$4,437,554","($66,881,561)","$23,515,491","($26,407,901)","$83,878,047","($14,014,472)","$24,865,868","$94,729,442","$68,321,541","$418,558,229",,,"$418,558,229","$486,879,770","$216,385,610",,"$7,867,567",,,,"$224,253,176",,,,,,-,"$224,253,176","$91,620,361",,"$5,561,559","$7,891,509",,"$124,523,988",,"$229,597,418","($5,344,242)",,,"($5,344,242)",,,"($5,344,242)",-2.4%,0.0%,-2.4%,59,-39,-14.2,0,12,0%,0.4,86.0%,16.7%
126,Steward St. Elizabeth's Medical Center,Acute Hospital,11273,2024,Dec 31,3,9,"01/01/2024-09/30/2024
",273.75,"$14,732",,,"$45,467,170","$259,177,228","$3,884,393","$10,753,168","$319,296,692",,,,"$126,551,913","$352,386,925","$100,658,448","$251,728,477","$719,492","$378,999,882","$698,296,574","$28,261,903","$10,442,231","$246,400,758","$40,423,877","$325,528,769","$208,016,680","$32,701,288","$48,056,462","$288,774,430","$614,303,198","$83,993,375",,,"$83,993,375","$698,296,574","$220,634,289",,"$20,724,472",,,,"$241,358,761",,,,,,-,"$241,358,761","$159,594,707",,"$12,310,813","$21,102,067",,"$116,788,311",,"$309,795,898","($68,437,137)",,,"($68,437,137)",,,"($68,437,137)",-28.4%,0.0%,-28.4%,56,312,1.0,0,8,-11%,-0.7,12.0%,71.2%
129,Sturdy Memorial Hospital,Acute Hospital,12773,2024,Sep 30,5,12,"10/01/2023-09/30/2024
",365,"$26,514,247",,,"$29,181,523","$13,583","$265,194","$9,815,898","$65,790,445","$36,660,346",,,,"$258,945,269","$155,270,382","$103,674,887","$454,760,803","$595,096,036","$660,886,481",,,"$225,736","$36,089,150","$36,314,886","$48,898,750",,"$18,154,373","$67,053,123","$103,368,009","$557,495,881","$22,591",,"$557,518,472","$660,886,481","$246,526,011",,"$15,168,407",,,,"$261,694,418","$23,996,100",,,"$39,183,216","$276,764","$63,456,080","$325,150,498","$151,813,120",,"$11,720,120",,"$3,119,076","$96,132,133",,"$262,784,449","$62,366,049","($18,076,962)","$3,013,040","$47,302,127","$14,387,300",,"$61,689,427",-0.3%,19.5%,19.2%,43,53,1.8,39,13,87%,,84.4%,8.1%
104,Tufts Medical Center,Acute Hospital,12775,2024,Sep 30,5,12,"10/01/2023-09/30/2024
",365,"$38,689,000","$36,000,000","$17,676,000","$141,173,000","$13,527,000","$13,031,000","$72,112,000","$332,208,000","$32,337,000",,,"$803,000","$874,257,000","$525,220,000","$349,037,000","$234,811,000","$616,988,000","$949,196,000","$18,163,000","$7,169,000","$120,236,000","$127,659,000","$273,227,000","$818,545,000",,"$78,586,000","$897,131,000","$1,170,358,000","($238,337,000)","$9,442,000","$7,733,000","($221,162,000)","$949,196,000","$1,016,338,000",,"$314,661,000",,,"$2,778,000","$1,333,777,000","$22,409,000","($4,636,000)","$6,722,000",,"($2,307,000)","$22,188,000","$1,355,965,000","$573,296,000",,"$38,378,000","$23,493,000","$56,629,000","$662,807,000",,"$1,354,603,000","$1,362,000","($414,376,000)",,"($413,014,000)","($5,935,000)",,"($418,949,000)",-1.5%,1.6%,0.1%,51,75,1.2,21,14,3%,1.4,-25.1%,141.1%
3115,UMass Memorial Medical Center,Acute Hospital,6755,2024,Sep 30,5,12,"10/01/2023-09/30/2024
",365,"$26,816,000",,,"$293,048,000","$346,304,000","$66,567,000","$79,969,000","$812,704,000",,,,,"$1,167,619,000","$713,347,000","$454,272,000","$283,956,000","$738,228,000","$1,550,932,000",,"$7,757,000","$417,296,000","$467,287,000","$892,340,000",,"$276,682,000","$57,131,000","$333,813,000","$1,226,153,000","$247,819,000","$48,332,000","$28,627,000","$324,778,000","$1,550,931,000","$2,834,770,000",,"$109,545,000",,,"$3,130,000","$2,947,445,000","$7,702,000","$2,010,000",,"$10,228,000",,"$19,940,000","$2,967,385,000","$984,368,000",,"$67,074,000","$20,286,000","$62,680,000","$1,755,840,000",,"$2,890,248,000","$77,137,000","($25,547,000)","$34,000","$51,624,000",,,"$51,624,000",1.9%,0.7%,2.6%,38,115,0.9,3,11,16%,8.1,16.0%,0.0%
138,Winchester Hospital,Acute Hospital,16665,2024,Sep 30,5,12,"10/01/2023-09/30/2024
",365,"$1,838,000","$232,520,000",,"$43,198,000",,,"$88,660,000","$366,216,000","$32,021,000",,,,"$284,279,000","$167,162,000","$117,117,000","$39,429,000","$188,567,000","$554,783,000","$3,465,000",,,"$46,543,000","$50,008,000","$66,557,000",,"$13,989,000","$80,546,000","$130,554,000","$392,828,000","$21,013,000","$10,388,000","$424,229,000","$554,783,000","$369,918,000",,"$27,288,000",,,,"$397,206,000","$16,311,000",,"$19,774,000","($202,000)",,"$35,883,000","$433,089,000","$168,238,000",,"$17,937,000","$2,310,000","$9,673,000","$168,818,000",,"$366,976,000","$66,113,000",,"$855,000","$66,968,000",,,"$66,968,000",7.0%,8.3%,15.3%,43,53,7.3,245,9,55%,11.5,70.8%,14.5%
11490,Baystate Medical Practice,Physician Organization,4066,2024,Sep 30,5,12,"10/01/2023-09/30/2024
",365,,,,,,,,-,,,,,,,-,,-,-,,,,,-,,,,-,-,,,,-,-,"$217,581,000",,"$226,315,000",,,"$943,000","$444,839,000",,,,"($67,757,000)",,"($67,757,000)","$377,082,000","$405,015,000",,"$1,595,000","($4,000)",,"$127,235,000",,"$533,841,000","($156,759,000)","$75,000,000","$33,000","($81,726,000)","$73,564,000",,"($8,162,000)",-23.6%,-18.0%,-41.6%,,,,,,,,,
11794,Berkshire Faculty Services,Physician Organization,3106,2024,Sep 30,5,12,"10/01/2023-09/30/2024
",365,,,,,,,,-,,,,,,,-,,-,-,,,,,-,,,,-,-,,,,-,-,"$51,021,864","$1,487,319","$5,869,361",,,,"$58,378,544",,,,,,-,"$58,378,544","$66,688,091",,,,,"$22,967,608",,"$89,655,699","($31,277,155)","$31,277,155",,,,,-,-53.6%,0.0%,-53.6%,,,,,,,,,
12118,Berkshire Orthopaedic Associates,Physician Organization,3106,2024,Sep 30,5,12,"10/01/2023-09/30/2024
",365,,,,,,,,-,,,,,,,-,,-,-,,,,,-,,,,-,-,,,,-,-,"$10,445,404",,"$84,789",,,,"$10,530,193",,,,,,-,"$10,530,193","$12,188,921",,,,,"$2,314,505",,"$14,503,426","($3,973,233)",,,"($3,973,233)",,,"($3,973,233)",-37.7%,0.0%,-37.7%,,,,,,,,,
14418,BMC Faculty Practice Foundation,Physician Organization,14287,2024,Sep 30,5,12,"10/01/2023-09/30/2024
",365,,,,,,,,-,,,,,,,-,,-,-,,,,,-,,,,-,-,,,,-,-,"$197,729,725","$4,600,558","$314,485,998",,,,"$516,816,281","$1,908,085","($28,850)","$3,796,881","$609,477",,"$6,285,593","$523,101,874","$467,261,000",,"$603,441","$6,576",,"$67,212,000",,"$535,083,017","($11,981,143)","$12,789,279",,"$808,136",,,"$808,136",-3.5%,1.2%,-2.3%,,,,,,,,,
13198,Boston University Affiliated Physicians,Physician Organization,14287,2024,Sep 30,5,12,"10/01/2023-09/30/2024
",365,,,,,,,,-,,,,,,,-,,-,-,,,,,-,,,,-,-,,,,-,-,"$92,048",,"$377,383",,,,"$469,431",,,,,,-,"$469,431","$438,421",,,,,"$41,791",,"$480,212","($10,781)",,,"($10,781)",,,"($10,781)",-2.3%,0.0%,-2.3%,,,,,,,,,
10996,Brigham and Women's Physicians Organization,Physician Organization,3791,2024,Sep 30,5,12,"10/01/2023-09/30/2024
",365,,,,,,,,-,,,,,,,-,,-,-,,,,,-,,,,-,-,,,,-,-,"$931,829,000",,"$347,066,000",,,,"$1,278,895,000","$22,841,000",,"$59,581,000",,"$7,000","$82,429,000","$1,361,324,000","$1,036,229,000",,"$6,733,000","$1,188,000",,"$198,308,000",,"$1,242,458,000","$118,866,000","$6,682,000","$136,000","$125,684,000",,,"$125,684,000",2.7%,6.1%,8.7%,,,,,,,,,
9323,CD Practice Associates,Physician Organization,3791,2024,Sep 30,5,12,"10/01/2023-09/30/2024
",365,,,,,,,,-,,,,,,,-,,-,-,,,,,-,,,,-,-,,,,-,-,"$64,256,000",,"$15,029,000",,,,"$79,285,000",,,,,,-,"$79,285,000","$78,817,000",,"$92,000",,,"$25,986,000",,"$104,895,000","($25,610,000)","$24,260,000",,"($1,350,000)",,,"($1,350,000)",-32.3%,0.0%,-32.3%,,,,,,,,,
14420,Circle Health Physicians Inc,Physician Organization,12775,2024,Sep 30,5,12,"10/01/2023-09/30/2024
",365,,,,,,,,-,,,,,,,-,,-,-,,,,,-,,,,-,-,,,,-,-,"$60,442,000",,"$12,032,000",,,,"$72,474,000",,,,,,-,"$72,474,000","$66,804,000",,"$391,000",,,"$26,385,000",,"$93,580,000","($21,106,000)","$70,664,000",,"$49,558,000",,,"$49,558,000",-29.1%,0.0%,-29.1%,,,,,,,,,
13120,"Coastal Medical Associates, Inc",Physician Organization,12759,2024,Sep 30,5,12,"10/01/2023-09/30/2024
",365,,,,,,,,-,,,,,,,-,,-,-,,,,,-,,,,-,-,,,,-,-,"$90,952,737",,"$11,772,598",,,,"$102,725,335",,,$701,,,$701,"$102,726,036","$77,568,168",,"$2,272,420","$1,913,002",,"$35,718,985",,"$117,472,575","($14,746,539)",,,"($14,746,539)",,,"($14,746,539)",-14.4%,0.0%,-14.4%,,,,,,,,,
13118,"Community Medical Associates, Inc.",Physician Organization,13156,2024,Sep 30,5,12,"10/01/2023-09/30/2024
",365,,,,,,,,-,,,,,,,-,,-,-,,,,,-,,,,-,-,,,,-,-,"$5,119,000",,"$186,000",,,,"$5,305,000",,,,,,-,"$5,305,000","$6,996,000",,"$184,000",,,"$3,127,000",,"$10,307,000","($5,002,000)",,,"($5,002,000)",,,"($5,002,000)",-94.3%,0.0%,-94.3%,,,,,,,,,
11761,Community Physicians Associates,Physician Organization,16665,2024,Sep 30,5,12,"10/01/2023-09/30/2024
",365,,,,,,,,-,,,,,,,-,,-,-,,,,,-,,,,-,-,,,,-,-,"$4,985,000",,"$43,000",,,,"$5,028,000",,,,,,-,"$5,028,000","$5,647,000",,"$9,000",,,"$2,194,000",,"$7,850,000","($2,822,000)","$2,822,000",,,,,-,-56.1%,0.0%,-56.1%,,,,,,,,,
7895,Hallmark Health Medical Associates,Physician Organization,12775,2024,Sep 30,5,12,"10/01/2023-09/30/2024
",365,,,,,,,,-,,,,,,,-,,-,-,,,,,-,,,,-,-,,,,-,-,"$42,285,000",,"$12,794,000",,,,"$55,079,000",,,,,,-,"$55,079,000","$54,147,000",,"$339,000",,,"$13,242,000",,"$67,728,000","($12,649,000)","$15,440,000",,"$2,791,000",,,"$2,791,000",-23.0%,0.0%,-23.0%,,,,,,,,,
9914,Harvard Medical Faculty Physicians,Physician Organization,16665,2024,Sep 30,5,12,"10/01/2023-09/30/2024
",365,,,,,,,,-,,,,,,,-,,-,-,,,,,-,,,,-,-,,,,-,-,"$463,769,000",,"$482,622,000",,,,"$946,391,000","$8,759,000",,"$26,480,000","$2,759,000",,"$37,998,000","$984,389,000","$861,481,000",,"$1,498,000",,,"$94,214,000",,"$957,193,000","$27,196,000",,,"$27,196,000",,,"$27,196,000",-1.1%,3.9%,2.8%,,,,,,,,,
10976,Heywood Medical Group,Physician Organization,12807,2024,Sep 30,5,12,"10/01/2023-09/30/2024
",365,,,,,,,,-,,,,,,,-,,-,-,,,,,-,,,,-,-,,,,-,-,"$5,372,885",,"$1,549,182",,,,"$6,922,067",,,,,,-,"$6,922,067","$11,678,414",,"$55,692","$7,441",,"($838,223)",,"$10,903,324","($3,981,257)","($4,599,172)",,"($8,580,429)",,,"($8,580,429)",-57.5%,0.0%,-57.5%,,,,,,,,,
12037,"Jordan Physician Associates, Inc",Physician Organization,16665,2024,Sep 30,5,12,"10/01/2023-09/30/2024
",365,,,,,,,,-,,,,,,,-,,-,-,,,,,-,,,,-,-,,,,-,-,"$37,004,000",,"$4,968,000",,,,"$41,972,000",,,,,,-,"$41,972,000","$46,469,000",,"$458,000",,,"$11,497,000",,"$58,424,000","($16,452,000)","$16,452,000",,,,,-,-39.2%,0.0%,-39.2%,,,,,,,,,
14421,Lahey Clinic,Physician Organization,16665,2024,Sep 30,5,12,"10/01/2023-09/30/2024
",365,,,,,,,,-,,,,,,,-,,-,-,,,,,-,,,,-,-,,,,-,-,"$322,742,000",,"$47,503,000",,,,"$370,245,000","$307,000",,,"($4,573,000)",,"($4,266,000)","$365,979,000","$408,225,000",,"$5,580,000","$189,000",,"$28,588,000",,"$442,582,000","($76,603,000)","$72,453,000",,"($4,150,000)",,,"($4,150,000)",-19.8%,-1.2%,-20.9%,,,,,,,,,
14422,Lahey Physician Community Org,Physician Organization,16665,2024,Sep 30,5,12,"10/01/2023-09/30/2024
",365,,,,,,,,-,,,,,,,-,,-,-,,,,,-,,,,-,-,,,,-,-,"$18,473,000",,"$1,337,000",,,,"$19,810,000",,,,,,-,"$19,810,000","$21,793,000",,"$730,000",,,"$7,759,000",,"$30,282,000","($10,472,000)",,,"($10,472,000)",,,"($10,472,000)",-52.9%,0.0%,-52.9%,,,,,,,,,
14423,"Massachusetts Eye and Ear Associates, Inc",Physician Organization,3791,2024,Sep 30,5,12,"10/01/2023-09/30/2024
",365,,,,,,,,-,,,,,,,-,,-,-,,,,,-,,,,-,-,,,,-,-,"$169,264,000",,"$29,093,000",,,,"$198,357,000","$8,137,000",,"($4,061,000)",,"($6,000)","$4,070,000","$202,427,000","$165,125,000",,"$679,000","$2,000",,"$26,879,000",,"$192,685,000","$9,742,000","$145,000",,"$9,887,000",,,"$9,887,000",2.8%,2.0%,4.8%,,,,,,,,,
11002,Massachusetts General Hospital Physicians Organization,Physician Organization,3791,2024,Sep 30,5,12,"10/01/2023-09/30/2024
",365,,,,,,,,-,,,,,,,-,,-,-,,,,,-,,,,-,-,,,,-,-,"$1,102,343,000",,"$546,368,000",,,,"$1,648,711,000","$37,258,000",,"$74,537,000",,"($16,000)","$111,779,000","$1,760,490,000","$1,341,805,000",,"$19,800,000","$1,680,000",,"$241,806,000",,"$1,605,091,000","$155,399,000","$3,129,000",,"$158,528,000","($816,000)",,"$157,712,000",2.5%,6.3%,8.8%,,,,,,,,,
11810,Medical Affiliates of Cape Cod Inc,Physician Organization,3109,2024,Sep 30,5,12,"10/01/2023-09/30/2024
",365,,,,,,,,-,,,,,,,-,,-,-,,,,,-,,,,-,-,,,,-,-,"$100,555,158",,"$2,232,444",,,,"$102,787,602",,,,,,-,"$102,787,602","$108,887,198",,"$365,048",,,"$30,810,935",,"$140,063,181","($37,275,579)","$36,957,444",,"($318,135)",,,"($318,135)",-36.3%,0.0%,-36.3%,,,,,,,,,
12151,"Mercy Inpatient Medical Associates, Inc",Physician Organization,14288,2024,Jun 30,5,12,"07/01/2023-06/30/2024
",365,,,,,,,,-,,,,,,,-,,-,-,,,,,-,,,,-,-,,,,-,-,"$9,752,552","$8,768","$8,922,516",,,,"$18,683,836",,,,,,-,"$18,683,836","$21,067,840","$783,877","$6,992",,,"$1,025,383",,"$22,884,092","($4,200,256)",,,"($4,200,256)",,,"($4,200,256)",-22.5%,0.0%,-22.5%,,,,,,,,,
14424,"Mercy Medical Group,Inc.",Physician Organization,14288,2024,Jun 30,5,12,"07/01/2023-06/30/2024
",365,,,,,,,,-,,,,,,,-,,-,-,,,,,-,,,,-,-,,,,-,-,"$3,003,018","$4,748","$2,277,040",,,,"$5,284,806",,,,,,-,"$5,284,806","$1,993,108","$4,244,343",,$3,,"$2,923,687","$6,807,242","$15,968,383","($10,683,577)",,,"($10,683,577)",,,"($10,683,577)",-202.2%,0.0%,-202.2%,,,,,,,,,
14425,Mercy Specialist Physicians,Physician Organization,14288,2024,Jun 30,5,12,"07/01/2023-06/30/2024
",365,,,,,,,,-,,,,,,,-,,-,-,,,,,-,,,,-,-,,,,-,-,"$217,961",($225),"$174,443",,,,"$392,179",,,,,,-,"$392,179",,"$179,396",,,,"$195,373",,"$374,769","$17,410",,,"$17,410",,,"$17,410",4.4%,0.0%,4.4%,,,,,,,,,
11394,MetroWest Physicians Services,Physician Organization,3888,2024,Dec 31,5,12,"01/01/2024-12/31/2024
",365,,,,,,,,-,,,,,,,-,,-,-,,,,,-,,,,-,-,,,,-,-,"$7,400,000",,,,,,"$7,400,000",,,,,,-,"$7,400,000","$8,200,000",,,,,"$1,800,000",,"$10,000,000","($2,600,000)",,,"($2,600,000)",,,"($2,600,000)",-35.1%,0.0%,-35.1%,,,,,,,,,
8750,Milford Regional Physician Group,Physician Organization,13157,2024,Sep 30,5,12,"10/01/2023-09/30/2024
",365,,,,,,,,-,,,,,,,-,,-,-,,,,,-,,,,-,-,,,,-,-,"$98,973,046",,"$18,807,420",,,,"$117,780,466",,,,"($2,144)",,"($2,144)","$117,778,322","$95,009,480",,"$990,148","$274,027",,"$31,505,162",,"$127,778,817","($10,000,495)","$10,276,401",,"$275,906",,,"$275,906",-8.5%,0.0%,-8.5%,,,,,,,,,
11404,Mount Auburn Professional Services,Physician Organization,16665,2024,Sep 30,5,12,"10/01/2023-09/30/2024
",365,,,,,,,,-,,,,,,,-,,-,-,,,,,-,,,,-,-,,,,-,-,"$73,314,000",,"$14,389,000",,,,"$87,703,000",,,,"$1,436,000",,"$1,436,000","$89,139,000","$89,910,000",,"$939,000",,,"$37,157,000",,"$128,006,000","($38,867,000)",,,"($38,867,000)",,,"($38,867,000)",-45.2%,1.6%,-43.6%,,,,,,,,,
16579,Nantucket Physician Organization,Physician Organization,3791,2024,Sep 30,5,12,"10/01/2023-09/30/2024
",365,,,,,,,,-,,,,,,,-,,-,-,,,,,-,,,,-,-,,,,-,-,"$1,423,000",,"$662,000",,,,"$2,085,000",,,,,,-,"$2,085,000",,,,,,"$1,307,000",,"$1,307,000","$778,000","($2,764,000)",,"($1,986,000)",,,"($1,986,000)",37.3%,0.0%,37.3%,,,,,,,,,
8655,New England Baptist Medical Associates,Physician Organization,16665,2024,Sep 30,5,12,"10/01/2023-09/30/2024
",365,,,,,,,,-,,,,,,,-,,-,-,,,,,-,,,,-,-,,,,-,-,"$12,965,000",,"$81,000",,,,"$13,046,000",,,,,,-,"$13,046,000","$16,981,000",,"$37,000",,,"$1,767,000",,"$18,785,000","($5,739,000)",,,"($5,739,000)",,,"($5,739,000)",-44.0%,0.0%,-44.0%,,,,,,,,,
8644,Newton-Wellesley Physician Hospital Group,Physician Organization,3791,2024,Sep 30,5,12,"10/01/2023-09/30/2024
",365,,,,,,,,-,,,,,,,-,,-,-,,,,,-,,,,-,-,,,,-,-,"$96,421,000",,"$35,825,000",,,,"$132,246,000","$137,000",,,,,"$137,000","$132,383,000","$102,598,000",,"$1,483,000",,,"$42,051,000",,"$146,132,000","($13,749,000)","$13,500,000",,"($249,000)",,,"($249,000)",-10.5%,0.1%,-10.4%,,,,,,,,,
11004,North Shore Physicians Group,Physician Organization,3791,2024,Sep 30,5,12,"10/01/2023-09/30/2024
",365,,,,,,,,-,,,,,,,-,,-,-,,,,,-,,,,-,-,,,,-,-,"$185,537,000",,"$47,588,000",,,,"$233,125,000","($12,419,000)",,"$11,736,000",,"($4,000)","($687,000)","$232,438,000","$215,393,000",,"$2,504,000","$13,000",,"$43,873,000",,"$261,783,000","($29,345,000)","$16,023,000",,"($13,322,000)",,,"($13,322,000)",-12.3%,-0.3%,-12.6%,,,,,,,,,
11408,Northeast Medical Practice,Physician Organization,16665,2024,Sep 30,5,12,"10/01/2023-09/30/2024
",365,,,,,,,,-,,,,,,,-,,-,-,,,,,-,,,,-,-,,,,-,-,"$52,895,000",,"$925,000",,,,"$53,820,000",,,,"($676,000)",,"($676,000)","$53,144,000","$51,355,000",,"$472,000",,,"$29,144,000",,"$80,971,000","($27,827,000)","$27,827,000",,,,,-,-51.1%,-1.3%,-52.4%,,,,,,,,,
8745,Partners Community Physician Organization,Physician Organization,3791,2024,Sep 30,5,12,"10/01/2023-09/30/2024
",365,,,,,,,,-,,,,,,,-,,-,-,,,,,-,,,,-,-,,,,-,-,"$172,944,000",,"$64,823,000",,,,"$237,767,000","$2,375,000",,"$9,037,000",,,"$11,412,000","$249,179,000","$110,800,000",,"$1,948,000","$52,000",,"$139,936,000",,"$252,736,000","($3,557,000)","$1,158,000",,"($2,399,000)","$9,000",,"($2,390,000)",-6.0%,4.6%,-1.4%,,,,,,,,,
14426,"Physicians Organization at Children's Hospital, Inc. and Foundation",Physician Organization,14286,2024,Sep 30,5,12,"10/01/2023-09/30/2024
",365,,,,,,,,-,,,,,,,-,,-,-,,,,,-,,,,-,-,,,,-,-,"$852,900,198",,"$191,384,675",,,"$32,512,809","$1,076,797,682","$22,033,475",,,"$200,370,333","$5,765,667","$228,169,475","$1,304,967,157","$877,334,777",,"$1,580,711",,,"$267,866,804",,"$1,146,782,292","$158,184,865","($250,000,000)",,"($91,815,135)","$5,220,317",,"($86,594,818)",-5.4%,17.5%,12.1%,,,,,,,,,
16532,"Pioneer Valley Cardiology Associates, Inc",Physician Organization,14288,2024,Jun 30,5,12,"07/01/2023-06/30/2024
",365,,,,,,,,-,,,,,,,-,,-,-,,,,,-,,,,-,-,,,,-,-,"$7,729,013",,"$157,230",,,,"$7,886,243",,,,,,-,"$7,886,243",,"$8,853,065","$10,005",($7),,"$6,885,375",,"$15,748,438","($7,862,195)",,,"($7,862,195)",,,"($7,862,195)",-99.7%,0.0%,-99.7%,,,,,,,,,
16533,"Riverbend Medical Group, Inc",Physician Organization,14288,2024,Jun 30,5,12,"07/01/2023-06/30/2024
",365,,,,,,,,-,,,,,,,-,,-,-,,,,,-,,,,-,-,,,,-,-,"$60,268,956","$9,267,069","$19,158,125",,,,"$88,694,150",,,,,,-,"$88,694,150","$88,710,710","$4,528,788","$979,702",$109,,"$16,196,078","$4,609,747","$115,025,134","($26,330,984)","$17,500,000",,"($8,830,984)",,,"($8,830,984)",-29.7%,0.0%,-29.7%,,,,,,,,,
14427,Saint Vincent Medical Company,Physician Organization,3888,2024,Dec 31,5,12,"01/01/2024-12/31/2024
",365,,,,,,,,-,,,,,,,-,,-,-,,,,,-,,,,-,-,,,,-,-,"$38,600,000",,,,,,"$38,600,000",,,,,"$100,000","$100,000","$38,700,000","$41,000,000",,"$500,000","$100,000",,"$12,200,000",,"$53,800,000","($15,100,000)",,,"($15,100,000)",,,"($15,100,000)",-39.3%,0.3%,-39.0%,,,,,,,,,
11915,Seacoast Affiliated Group Practice,Physician Organization,16665,2024,Sep 30,5,12,"10/01/2023-09/30/2024
",365,,,,,,,,-,,,,,,,-,,-,-,,,,,-,,,,-,-,,,,-,-,"$12,554,000",,"$672,000",,,,"$13,226,000",,,,,,-,"$13,226,000","$15,237,000",,"$103,000",,,"$5,272,000",,"$20,612,000","($7,386,000)",,,"($7,386,000)",,,"($7,386,000)",-55.8%,0.0%,-55.8%,,,,,,,,,
10327,Signature Healthcare Medical Group,Physician Organization,9991,2024,Sep 30,5,12,"10/01/2023-09/30/2024
",365,,,,,,,,-,,,,,,,-,,-,-,,,,,-,,,,-,-,,,,-,-,"$59,220,411","$16,107,818","($577,344)","$9,598",,"$4,800","$74,765,283",,,,,,-,"$74,765,283","$75,169,451",,"$704,003","$1,198",,"$15,301,492",,"$91,176,144","($16,410,861)","($2,144,375)","$17,295,355","($1,259,881)",,,"($1,259,881)",-21.9%,0.0%,-21.9%,,,,,,,,,
11497,Southcoast Physician Group,Physician Organization,4027,2024,Sep 30,5,12,"10/01/2023-09/30/2024
",365,,,,,,,,-,,,,,,,-,,-,-,,,,,-,,,,-,-,,,,-,-,"$229,432,580",,"$78,520,472","$586,852",,,"$308,539,904",,,,,,-,"$308,539,904","$322,258,114",,"$3,088,852",,,"$56,473,911",,"$381,820,877","($73,280,972)","$73,280,972",,($0),,,($0),-23.8%,0.0%,-23.8%,,,,,,,,,
11400,Steward Medical Group,Physician Organization,11273,2024,Dec 31,3,9,"01/01/2024-09/30/2024
",273.75,,,,,,,,,,,,,,,,,,,,,,,,,,,,,,,,,,,,,,,,,,,,,,,,,,,,,,,,,,,,,,,,,,,,,,,,,,
11397,"Sturdy Memorial Associates, Inc",Physician Organization,12773,2024,Sep 30,5,12,"10/01/2023-09/30/2024
",365,,,,,,,,-,,,,,,,-,,-,-,,,,,-,,,,-,-,,,,-,-,"$57,713,143",,"$10,436,264",,,,"$68,149,407",,,,,,-,"$68,149,407","$68,506,943",,"$442,466",,"$3,119,076","$16,348,338",,"$88,416,823","($20,267,416)",,,"($20,267,416)",,,"($20,267,416)",-29.7%,0.0%,-29.7%,,,,,,,,,
11801,The Affiliated Physicians Group,Physician Organization,16665,2024,Sep 30,5,12,"10/01/2023-09/30/2024
",365,,,,,,,,-,,,,,,,-,,-,-,,,,,-,,,,-,-,,,,-,-,"$100,663,000",,"$15,916,000",,,,"$116,579,000",,,,,,-,"$116,579,000","$123,095,000",,"$2,293,000",,,"$41,655,000",,"$167,043,000","($50,464,000)","$50,464,000",,,,,-,-43.3%,0.0%,-43.3%,,,,,,,,,
10991,Tufts Medical Center Physician Organization,Physician Organization,12775,2024,Sep 30,5,12,"10/01/2023-09/30/2024
",365,,,,,,,,-,,,,,,,-,,-,-,,,,,-,,,,-,-,,,,-,-,"$208,486,000",,"$148,579,000",,,,"$357,065,000",,,,,,-,"$357,065,000","$329,941,000",,"$698,000","$161,000",,"$103,587,000",,"$434,387,000","($77,322,000)","$84,928,000",,"$7,606,000",,,"$7,606,000",-21.7%,0.0%,-21.7%,,,,,,,,,
9784,UMass Memorial Medical Group Inc.,Physician Organization,6755,2024,Sep 30,5,12,"10/01/2023-09/30/2024
",365,,,,,,,,-,,,,,,,-,,-,-,,,,,-,,,,-,-,,,,-,-,"$577,146,000",,"$237,600,000",,,"$659,000","$815,405,000","$362,000","$730,000",,"$8,505,000",,"$9,597,000","$825,002,000","$638,295,000",,"$3,060,000",,,"$195,173,000",,"$836,528,000","($11,526,000)","$28,873,000",,"$17,347,000",,,"$17,347,000",-2.6%,1.2%,-1.4%,,,,,,,,,
14428,Western Mass Physician Associates,Physician Organization,12767,2024,Sep 30,5,12,"10/01/2023-09/30/2024
",365,,,,,,,,-,,,,,,,-,,-,-,,,,,-,,,,-,-,,,,-,-,"$5,824,248","$1,933,810","$1,419,869",,,,"$9,177,927",,,,,,-,"$9,177,927","$7,640,483",,"$4,966",,,"$2,545,182",,"$10,190,631","($1,012,704)","$855,000",,"($157,704)",,,"($157,704)",-11.0%,0.0%,-11.0%,,,,,,,,,
12022,Winchester Physician Associates,Physician Organization,16665,2024,Sep 30,5,12,"10/01/2023-09/30/2024
",365,,,,,,,,-,,,,,,,-,,-,-,,,,,-,,,,-,-,,,,-,-,"$60,389,000",,"$6,370,000",,,,"$66,759,000",,,,,,-,"$66,759,000","$52,278,000",,"$379,000",,,"$25,547,000",,"$78,204,000","($11,445,000)",,,"($11,445,000)",,,"($11,445,000)",-17.1%,0.0%,-17.1%,,,,,,,,,
,,,,,,,,,,,,,,,,,,,,,,,,,,,,,,,,,,,,,,,,,,,,,,,,,,,,,,,,,,,,,,,,,,,,,,,,,,,,,,,,,,,
Notes:,,,,,,,,,,,,,,,,,,,,,,,,,,,,,,,,,,,,,,,,,,,,,,,,,,,,,,,,,,,,,,,,,,,,,,,,,,,,,,,,,,,
Steward Norwood has been closed since 2020,,,,,,,,,,,,,,,,,,,,,,,,,,,,,,,,,,,,,,,,,,,,,,,,,,,,,,,,,,,,,,,,,,,,,,,,,,,,,,,,,,,
Signature Brockton Hospital closed due to fire in February 2023 and reopened in August 2024,,,,,,,,,,,,,,,,,,,,,,,,,,,,,,,,,,,,,,,,,,,,,,,,,,,,,,,,,,,,,,,,,,,,,,,,,,,,,,,,,,,
North Adams Regional Hospital opened in March 2024 and is included for the first time in this data,,,,,,,,,,,,,,,,,,,,,,,,,,,,,,,,,,,,,,,,,,,,,,,,,,,,,,,,,,,,,,,,,,,,,,,,,,,,,,,,,,,
Eight or 9 months of HFY 2024 data was provided for Steward Health Care's former hospitals due to closure or change in ownership.,,,,,,,,,,,,,,,,,,,,,,,,,,,,,,,,,,,,,,,,,,,,,,,,,,,,,,,,,,,,,,,,,,,,,,,,,,,,,,,,,,,
Steward Health Care did not file the required HHS or physician organization data.,,,,,,,,,,,,,,,,,,,,,,,,,,,,,,,,,,,,,,,,,,,,,,,,,,,,,,,,,,,,,,,,,,,,,,,,,,,,,,,,,,,